2025-08-26 06:40:45,586 - Knowledge - INFO - Redis support added with prefix knowledge:b8982ah:
2025-08-26 06:40:45,923 - Knowledge - INFO - load persisted knowledge: begin
2025-08-26 06:40:46,021 - Knowledge - INFO - load persisted knowledge: end
2025-08-26 06:40:46,130 - Knowledge - INFO - load persisted docinfo: begin
2025-08-26 06:40:46,238 - Knowledge - INFO - load persisted docinfo: end
2025-08-26 06:40:46,413 - Knowledge - INFO - worker kw1 created with dedicated MongoDB connection (total: 1)
2025-08-26 06:40:46,525 - Knowledge - INFO - knowledge worker kw1 start
2025-08-26 06:40:46,528 - Knowledge - INFO - worker kw2 created with dedicated MongoDB connection (total: 2)
2025-08-26 06:40:46,632 - Knowledge - INFO - worker kw1 pull /app/data/b2c/163538/b8982ah/rialto-ocdm-163538/scripts/cpplint/cpplint.py from ingest queue
2025-08-26 06:40:46,751 - Knowledge - INFO - knowledge worker kw2 start
2025-08-26 06:40:46,755 - Knowledge - INFO - worker kw3 created with dedicated MongoDB connection (total: 3)
2025-08-26 06:40:46,919 - Knowledge - INFO - process ingested knowledge for /app/data/b2c/163538/b8982ah/rialto-ocdm-163538/scripts/cpplint/cpplint.py
2025-08-26 06:40:46,944 - Knowledge - INFO - worker kw2 pull /app/data/b2c/163538/b8982ah/rialto-ocdm-163538/scripts/clang-format/process_clang-format_errors.py from ingest queue
2025-08-26 06:40:47,069 - Knowledge - INFO - knowledge worker kw3 start
2025-08-26 06:40:47,073 - Knowledge - INFO - worker kw4 created with dedicated MongoDB connection (total: 4)
2025-08-26 06:40:47,156 - Knowledge - INFO - Found code-base-name: https://github.com/kavia-common/rialto-ocdm-163538.git:kavia-6.0.0-rc1
2025-08-26 06:40:47,552 - Knowledge - INFO - Found code_base: <app.utils.kg_build.knowledge.KnowledgeCodeBase object at 0x7fcd227f53d0>
2025-08-26 06:40:47,385 - Knowledge - INFO - worker kw3 pull /app/data/b2c/163538/b8982ah/rialto-ocdm-163538/scripts/valgrind/process_valgrind_results.py from ingest queue
2025-08-26 06:40:47,472 - Knowledge - INFO - knowledge worker kw4 start
2025-08-26 06:40:47,475 - Knowledge - INFO - worker kw5 created with dedicated MongoDB connection (total: 5)
2025-08-26 06:40:47,303 - Knowledge - INFO - process ingested knowledge for /app/data/b2c/163538/b8982ah/rialto-ocdm-163538/scripts/clang-format/process_clang-format_errors.py
2025-08-26 06:40:47,651 - Knowledge - INFO - persist ingested knowledge for /app/data/b2c/163538/b8982ah/rialto-ocdm-163538/scripts/cpplint/cpplint.py
2025-08-26 06:40:47,837 - Knowledge - INFO - process ingested knowledge for /app/data/b2c/163538/b8982ah/rialto-ocdm-163538/scripts/valgrind/process_valgrind_results.py
2025-08-26 06:40:47,864 - Knowledge - INFO - worker kw4 pull /app/data/b2c/163538/b8982ah/rialto-ocdm-163538/TERMS.md from ingest queue
2025-08-26 06:40:47,951 - Knowledge - INFO - knowledge worker kw5 start
2025-08-26 06:40:47,954 - Knowledge - INFO - worker kw6 created with dedicated MongoDB connection (total: 6)
2025-08-26 06:40:48,061 - Knowledge - INFO - Found code-base-name: https://github.com/kavia-common/rialto-ocdm-163538.git:kavia-6.0.0-rc1
2025-08-26 06:40:48,222 - Knowledge - INFO - adding /app/data/b2c/163538/b8982ah/rialto-ocdm-163538/scripts/cpplint/cpplint.py to ingest queue
2025-08-26 06:40:48,381 - Knowledge - INFO - process ingested knowledge for /app/data/b2c/163538/b8982ah/rialto-ocdm-163538/TERMS.md
2025-08-26 06:40:48,555 - Knowledge - INFO - knowledge worker kw6 start
2025-08-26 06:40:48,558 - Knowledge - INFO - worker kw7 created with dedicated MongoDB connection (total: 7)
2025-08-26 06:40:48,658 - Knowledge - INFO - Found code_base: <app.utils.kg_build.knowledge.KnowledgeCodeBase object at 0x7fcd227f53d0>
2025-08-26 06:40:48,775 - Knowledge - INFO - Found code-base-name: https://github.com/kavia-common/rialto-ocdm-163538.git:kavia-6.0.0-rc1
2025-08-26 06:40:48,777 - Knowledge - INFO - worker kw5 pull /app/data/b2c/163538/b8982ah/rialto-ocdm-163538/CMakeLists.txt from ingest queue
2025-08-26 06:40:48,778 - Knowledge - INFO - worker kw1 pull /app/data/b2c/163538/b8982ah/rialto-ocdm-163538/cmake/googletest.cmake from ingest queue
2025-08-26 06:40:48,864 - Knowledge - INFO - Found code-base-name: https://github.com/kavia-common/rialto-ocdm-163538.git:kavia-6.0.0-rc1
2025-08-26 06:40:48,976 - Knowledge - INFO - worker kw6 pull /app/data/b2c/163538/b8982ah/rialto-ocdm-163538/cmake/FindRialto.cmake from ingest queue
2025-08-26 06:40:49,077 - Knowledge - INFO - knowledge worker kw7 start
2025-08-26 06:40:49,079 - Knowledge - INFO - worker kw8 created with dedicated MongoDB connection (total: 8)
2025-08-26 06:40:49,165 - Knowledge - INFO - persist ingested knowledge for /app/data/b2c/163538/b8982ah/rialto-ocdm-163538/scripts/clang-format/process_clang-format_errors.py
2025-08-26 06:40:49,268 - Knowledge - INFO - Found code_base: <app.utils.kg_build.knowledge.KnowledgeCodeBase object at 0x7fcd227f53d0>
2025-08-26 06:40:49,397 - Knowledge - INFO - process ingested knowledge for /app/data/b2c/163538/b8982ah/rialto-ocdm-163538/CMakeLists.txt
2025-08-26 06:40:49,503 - Knowledge - INFO - process ingested knowledge for /app/data/b2c/163538/b8982ah/rialto-ocdm-163538/cmake/googletest.cmake
2025-08-26 06:40:49,573 - Knowledge - INFO - Found code_base: <app.utils.kg_build.knowledge.KnowledgeCodeBase object at 0x7fcd227f53d0>
2025-08-26 06:40:50,410 - Knowledge - INFO - persist ingested knowledge for /app/data/b2c/163538/b8982ah/rialto-ocdm-163538/TERMS.md
2025-08-26 06:40:49,813 - Knowledge - INFO - worker kw7 pull /app/data/b2c/163538/b8982ah/rialto-ocdm-163538/docs/index.html from ingest queue
2025-08-26 06:40:49,923 - Knowledge - INFO - knowledge worker kw8 start
2025-08-26 06:40:49,926 - Knowledge - INFO - worker kw9 created with dedicated MongoDB connection (total: 9)
2025-08-26 06:40:50,115 - Knowledge - INFO - adding /app/data/b2c/163538/b8982ah/rialto-ocdm-163538/scripts/clang-format/process_clang-format_errors.py to ingest queue
2025-08-26 06:40:50,118 - Knowledge - INFO - persist ingested knowledge for /app/data/b2c/163538/b8982ah/rialto-ocdm-163538/scripts/valgrind/process_valgrind_results.py
2025-08-26 06:40:49,734 - Knowledge - INFO - process ingested knowledge for /app/data/b2c/163538/b8982ah/rialto-ocdm-163538/cmake/FindRialto.cmake
2025-08-26 06:40:50,669 - Knowledge - INFO - process ingested knowledge for /app/data/b2c/163538/b8982ah/rialto-ocdm-163538/docs/index.html
2025-08-26 06:40:50,829 - Knowledge - INFO - knowledge worker kw9 start
2025-08-26 06:40:50,831 - Knowledge - INFO - worker kw10 created with dedicated MongoDB connection (total: 10)
2025-08-26 06:40:50,920 - Knowledge - INFO - Found code-base-name: https://github.com/kavia-common/rialto-ocdm-163538.git:kavia-6.0.0-rc1
2025-08-26 06:40:50,920 - Knowledge - INFO - Found code-base-name: https://github.com/kavia-common/rialto-ocdm-163538.git:kavia-6.0.0-rc1
2025-08-26 06:40:50,989 - Knowledge - INFO - worker kw8 pull /app/data/b2c/163538/b8982ah/rialto-ocdm-163538/library/include/OpenCDMSession.h from ingest queue
2025-08-26 06:40:50,990 - Knowledge - INFO - worker kw2 pull /app/data/b2c/163538/b8982ah/rialto-ocdm-163538/library/include/MediaKeysCapabilitiesBackend.h from ingest queue
2025-08-26 06:40:50,990 - Knowledge - INFO - adding /app/data/b2c/163538/b8982ah/rialto-ocdm-163538/TERMS.md to ingest queue
2025-08-26 06:40:51,436 - Knowledge - INFO - knowledge worker kw10 start
2025-08-26 06:40:51,438 - Knowledge - INFO - worker kw11 created with dedicated MongoDB connection (total: 11)
2025-08-26 06:40:52,072 - Knowledge - INFO - knowledge worker kw11 start
2025-08-26 06:40:51,606 - Knowledge - INFO - Found code_base: <app.utils.kg_build.knowledge.KnowledgeCodeBase object at 0x7fcd227f53d0>
2025-08-26 06:40:51,727 - Knowledge - INFO - process ingested knowledge for /app/data/b2c/163538/b8982ah/rialto-ocdm-163538/library/include/OpenCDMSession.h
2025-08-26 06:40:51,805 - Knowledge - INFO - process ingested knowledge for /app/data/b2c/163538/b8982ah/rialto-ocdm-163538/library/include/MediaKeysCapabilitiesBackend.h
2025-08-26 06:40:51,942 - Knowledge - INFO - Found code-base-name: https://github.com/kavia-common/rialto-ocdm-163538.git:kavia-6.0.0-rc1
2025-08-26 06:40:51,943 - Knowledge - INFO - Found code-base-name: https://github.com/kavia-common/rialto-ocdm-163538.git:kavia-6.0.0-rc1
2025-08-26 06:40:51,943 - Knowledge - INFO - worker kw9 pull /app/data/b2c/163538/b8982ah/rialto-ocdm-163538/library/include/OpenCDMSystemPrivate.h from ingest queue
2025-08-26 06:40:51,943 - Knowledge - INFO - worker kw4 pull /app/data/b2c/163538/b8982ah/rialto-ocdm-163538/library/include/MessageDispatcher.h from ingest queue
2025-08-26 06:40:51,943 - Knowledge - INFO - adding /app/data/b2c/163538/b8982ah/rialto-ocdm-163538/scripts/valgrind/process_valgrind_results.py to ingest queue
2025-08-26 06:40:51,523 - Knowledge - INFO - Found code_base: <app.utils.kg_build.knowledge.KnowledgeCodeBase object at 0x7fcd227f53d0>
2025-08-26 06:40:52,076 - Knowledge - INFO - worker kw12 created with dedicated MongoDB connection (total: 12)
2025-08-26 06:40:52,306 - Knowledge - INFO - persist ingested knowledge for /app/data/b2c/163538/b8982ah/rialto-ocdm-163538/cmake/googletest.cmake
2025-08-26 06:40:52,577 - Knowledge - INFO - Found code_base: <app.utils.kg_build.knowledge.KnowledgeCodeBase object at 0x7fcd227f53d0>
2025-08-26 06:40:52,701 - Knowledge - INFO - Found code_base: <app.utils.kg_build.knowledge.KnowledgeCodeBase object at 0x7fcd227f53d0>
2025-08-26 06:40:52,833 - Knowledge - INFO - process ingested knowledge for /app/data/b2c/163538/b8982ah/rialto-ocdm-163538/library/include/OpenCDMSystemPrivate.h
2025-08-26 06:40:52,935 - Knowledge - INFO - process ingested knowledge for /app/data/b2c/163538/b8982ah/rialto-ocdm-163538/library/include/MessageDispatcher.h
2025-08-26 06:40:53,014 - Knowledge - INFO - worker kw3 pull /app/data/b2c/163538/b8982ah/rialto-ocdm-163538/library/include/CdmBackend.h from ingest queue
2025-08-26 06:40:53,014 - Knowledge - INFO - worker kw11 pull /app/data/b2c/163538/b8982ah/rialto-ocdm-163538/library/include/RialtoGStreamerEMEProtectionMetadata.h from ingest queue
2025-08-26 06:40:53,015 - Knowledge - INFO - Found code-base-name: https://github.com/kavia-common/rialto-ocdm-163538.git:kavia-6.0.0-rc1
2025-08-26 06:40:53,015 - Knowledge - INFO - Found code-base-name: https://github.com/kavia-common/rialto-ocdm-163538.git:kavia-6.0.0-rc1
2025-08-26 06:40:53,015 - Knowledge - INFO - worker kw10 pull /app/data/b2c/163538/b8982ah/rialto-ocdm-163538/library/include/Logger.h from ingest queue
2025-08-26 06:40:53,132 - Knowledge - INFO - persist ingested knowledge for /app/data/b2c/163538/b8982ah/rialto-ocdm-163538/CMakeLists.txt
2025-08-26 06:40:53,245 - Knowledge - INFO - knowledge worker kw12 start
2025-08-26 06:40:53,248 - Knowledge - INFO - worker kw13 created with dedicated MongoDB connection (total: 13)
2025-08-26 06:40:53,393 - Knowledge - INFO - adding /app/data/b2c/163538/b8982ah/rialto-ocdm-163538/cmake/googletest.cmake to ingest queue
2025-08-26 06:40:54,606 - Knowledge - INFO - Found code-base-name: https://github.com/kavia-common/rialto-ocdm-163538.git:kavia-6.0.0-rc1
2025-08-26 06:40:53,515 - Knowledge - INFO - persist ingested knowledge for /app/data/b2c/163538/b8982ah/rialto-ocdm-163538/docs/index.html
2025-08-26 06:40:53,834 - Knowledge - INFO - process ingested knowledge for /app/data/b2c/163538/b8982ah/rialto-ocdm-163538/library/include/CdmBackend.h
2025-08-26 06:40:53,916 - Knowledge - INFO - process ingested knowledge for /app/data/b2c/163538/b8982ah/rialto-ocdm-163538/library/include/RialtoGStreamerEMEProtectionMetadata.h
2025-08-26 06:40:53,994 - Knowledge - INFO - Found code_base: <app.utils.kg_build.knowledge.KnowledgeCodeBase object at 0x7fcd227f53d0>
2025-08-26 06:40:55,117 - Knowledge - INFO - persist ingested knowledge for /app/data/b2c/163538/b8982ah/rialto-ocdm-163538/library/include/MediaKeysCapabilitiesBackend.h
2025-08-26 06:40:54,238 - Knowledge - INFO - process ingested knowledge for /app/data/b2c/163538/b8982ah/rialto-ocdm-163538/library/include/Logger.h
2025-08-26 06:40:54,514 - Knowledge - INFO - knowledge worker kw13 start
2025-08-26 06:40:54,515 - Knowledge - INFO - worker kw14 created with dedicated MongoDB connection (total: 14)
2025-08-26 06:40:53,426 - Knowledge - INFO - persist ingested knowledge for /app/data/b2c/163538/b8982ah/rialto-ocdm-163538/cmake/FindRialto.cmake
2025-08-26 06:40:54,607 - Knowledge - INFO - Found code-base-name: https://github.com/kavia-common/rialto-ocdm-163538.git:kavia-6.0.0-rc1
2025-08-26 06:40:55,733 - Knowledge - INFO - Found code_base: <app.utils.kg_build.knowledge.KnowledgeCodeBase object at 0x7fcd227f53d0>
2025-08-26 06:40:54,664 - Knowledge - INFO - worker kw1 pull /app/data/b2c/163538/b8982ah/rialto-ocdm-163538/library/include/ActiveSessions.h from ingest queue
2025-08-26 06:40:54,664 - Knowledge - INFO - adding /app/data/b2c/163538/b8982ah/rialto-ocdm-163538/CMakeLists.txt to ingest queue
2025-08-26 06:40:54,696 - Knowledge - INFO - Found code_base: <app.utils.kg_build.knowledge.KnowledgeCodeBase object at 0x7fcd227f53d0>
2025-08-26 06:40:54,092 - Knowledge - INFO - Found code_base: <app.utils.kg_build.knowledge.KnowledgeCodeBase object at 0x7fcd227f53d0>
2025-08-26 06:40:55,530 - Knowledge - INFO - knowledge worker kw14 start
2025-08-26 06:40:55,533 - Knowledge - INFO - worker kw15 created with dedicated MongoDB connection (total: 15)
2025-08-26 06:40:54,663 - Knowledge - INFO - worker kw12 pull /app/data/b2c/163538/b8982ah/rialto-ocdm-163538/library/include/OpenCDMSystem.h from ingest queue
2025-08-26 06:40:55,810 - Knowledge - INFO - persist ingested knowledge for /app/data/b2c/163538/b8982ah/rialto-ocdm-163538/library/include/MessageDispatcher.h
2025-08-26 06:40:55,934 - Knowledge - INFO - process ingested knowledge for /app/data/b2c/163538/b8982ah/rialto-ocdm-163538/library/include/ActiveSessions.h
2025-08-26 06:40:56,076 - Knowledge - INFO - Found code-base-name: https://github.com/kavia-common/rialto-ocdm-163538.git:kavia-6.0.0-rc1
2025-08-26 06:40:56,076 - Knowledge - INFO - Found code-base-name: https://github.com/kavia-common/rialto-ocdm-163538.git:kavia-6.0.0-rc1
2025-08-26 06:40:56,102 - Knowledge - INFO - persist ingested knowledge for /app/data/b2c/163538/b8982ah/rialto-ocdm-163538/library/include/OpenCDMSystemPrivate.h
2025-08-26 06:40:56,137 - Knowledge - INFO - Found code-base-name: https://github.com/kavia-common/rialto-ocdm-163538.git:kavia-6.0.0-rc1
2025-08-26 06:40:56,137 - Knowledge - INFO - worker kw13 pull /app/data/b2c/163538/b8982ah/rialto-ocdm-163538/library/include/OpenCDMSessionPrivate.h from ingest queue
2025-08-26 06:40:56,190 - Knowledge - INFO - adding /app/data/b2c/163538/b8982ah/rialto-ocdm-163538/cmake/FindRialto.cmake to ingest queue
2025-08-26 06:40:56,198 - Knowledge - INFO - persist ingested knowledge for /app/data/b2c/163538/b8982ah/rialto-ocdm-163538/library/include/OpenCDMSession.h
2025-08-26 06:40:56,379 - Knowledge - INFO - knowledge worker kw15 start
2025-08-26 06:40:56,381 - Knowledge - INFO - worker kw16 created with dedicated MongoDB connection (total: 16)
2025-08-26 06:40:56,514 - Knowledge - INFO - process ingested knowledge for /app/data/b2c/163538/b8982ah/rialto-ocdm-163538/library/include/OpenCDMSystem.h
2025-08-26 06:40:56,802 - Knowledge - INFO - Found code_base: <app.utils.kg_build.knowledge.KnowledgeCodeBase object at 0x7fcd227f53d0>
2025-08-26 06:40:56,907 - Knowledge - INFO - Found code_base: <app.utils.kg_build.knowledge.KnowledgeCodeBase object at 0x7fcd227f53d0>
2025-08-26 06:40:57,112 - Knowledge - INFO - Found code_base: <app.utils.kg_build.knowledge.KnowledgeCodeBase object at 0x7fcd227f53d0>
2025-08-26 06:40:57,233 - Knowledge - INFO - process ingested knowledge for /app/data/b2c/163538/b8982ah/rialto-ocdm-163538/library/include/OpenCDMSessionPrivate.h
2025-08-26 06:40:57,318 - Knowledge - INFO - adding /app/data/b2c/163538/b8982ah/rialto-ocdm-163538/docs/index.html to ingest queue
2025-08-26 06:40:57,619 - Knowledge - INFO - knowledge worker kw16 start
2025-08-26 06:40:57,622 - Knowledge - INFO - worker kw17 created with dedicated MongoDB connection (total: 17)
2025-08-26 06:40:57,818 - Knowledge - INFO - persist ingested knowledge for /app/data/b2c/163538/b8982ah/rialto-ocdm-163538/library/include/CdmBackend.h
2025-08-26 06:40:57,902 - Knowledge - INFO - persist ingested knowledge for /app/data/b2c/163538/b8982ah/rialto-ocdm-163538/library/include/RialtoGStreamerEMEProtectionMetadata.h
2025-08-26 06:40:58,007 - Knowledge - INFO - persist ingested knowledge for /app/data/b2c/163538/b8982ah/rialto-ocdm-163538/library/include/Logger.h
2025-08-26 06:40:58,196 - Knowledge - INFO - adding /app/data/b2c/163538/b8982ah/rialto-ocdm-163538/library/include/MediaKeysCapabilitiesBackend.h to ingest queue
2025-08-26 06:40:58,414 - Knowledge - INFO - knowledge worker kw17 start
2025-08-26 06:40:58,417 - Knowledge - INFO - worker kw18 created with dedicated MongoDB connection (total: 18)
2025-08-26 06:40:58,826 - Knowledge - INFO - worker kw5 pull /app/data/b2c/163538/b8982ah/rialto-ocdm-163538/library/include/IMessageDispatcher.h from ingest queue
2025-08-26 06:40:58,827 - Knowledge - INFO - worker kw14 pull /app/data/b2c/163538/b8982ah/rialto-ocdm-163538/library/include/ICdmBackend.h from ingest queue
2025-08-26 06:40:58,827 - Knowledge - INFO - Found code-base-name: https://github.com/kavia-common/rialto-ocdm-163538.git:kavia-6.0.0-rc1
2025-08-26 06:40:58,891 - Knowledge - INFO - worker kw6 pull /app/data/b2c/163538/b8982ah/rialto-ocdm-163538/library/CMakeLists.txt from ingest queue
2025-08-26 06:40:58,949 - Knowledge - INFO - Found code-base-name: https://github.com/kavia-common/rialto-ocdm-163538.git:kavia-6.0.0-rc1
2025-08-26 06:40:58,949 - Knowledge - INFO - adding /app/data/b2c/163538/b8982ah/rialto-ocdm-163538/library/include/OpenCDMSession.h to ingest queue
2025-08-26 06:40:59,017 - Knowledge - INFO - knowledge worker kw18 start
2025-08-26 06:40:59,019 - Knowledge - INFO - worker kw19 created with dedicated MongoDB connection (total: 19)
2025-08-26 06:40:59,183 - Knowledge - INFO - process ingested knowledge for /app/data/b2c/163538/b8982ah/rialto-ocdm-163538/library/include/IMessageDispatcher.h
2025-08-26 06:40:59,281 - Knowledge - INFO - process ingested knowledge for /app/data/b2c/163538/b8982ah/rialto-ocdm-163538/library/include/ICdmBackend.h
2025-08-26 06:40:59,335 - Knowledge - INFO - Found code_base: <app.utils.kg_build.knowledge.KnowledgeCodeBase object at 0x7fcd227f53d0>
2025-08-26 06:40:59,461 - Knowledge - INFO - process ingested knowledge for /app/data/b2c/163538/b8982ah/rialto-ocdm-163538/library/CMakeLists.txt
2025-08-26 06:40:59,534 - Knowledge - INFO - Found code_base: <app.utils.kg_build.knowledge.KnowledgeCodeBase object at 0x7fcd227f53d0>
2025-08-26 06:41:00,306 - Knowledge - INFO - persist ingested knowledge for /app/data/b2c/163538/b8982ah/rialto-ocdm-163538/library/include/OpenCDMSystem.h
2025-08-26 06:40:59,645 - Knowledge - INFO - worker kw16 pull /app/data/b2c/163538/b8982ah/rialto-ocdm-163538/library/source/open_cdm.cpp from ingest queue
2025-08-26 06:40:59,779 - Knowledge - INFO - adding /app/data/b2c/163538/b8982ah/rialto-ocdm-163538/library/include/Logger.h to ingest queue
2025-08-26 06:40:59,831 - Knowledge - INFO - knowledge worker kw19 start
2025-08-26 06:40:59,834 - Knowledge - INFO - worker kw20 created with dedicated MongoDB connection (total: 20)
2025-08-26 06:41:00,133 - Knowledge - INFO - persist ingested knowledge for /app/data/b2c/163538/b8982ah/rialto-ocdm-163538/library/include/ActiveSessions.h
2025-08-26 06:40:59,645 - Knowledge - INFO - worker kw7 pull /app/data/b2c/163538/b8982ah/rialto-ocdm-163538/library/source/ActiveSessions.cpp from ingest queue
2025-08-26 06:41:00,569 - Knowledge - INFO - process ingested knowledge for /app/data/b2c/163538/b8982ah/rialto-ocdm-163538/library/source/open_cdm.cpp
2025-08-26 06:41:00,640 - Knowledge - INFO - worker kw10 pull /app/data/b2c/163538/b8982ah/rialto-ocdm-163538/library/source/open_cdm_adapter.cpp from ingest queue
2025-08-26 06:41:00,641 - Knowledge - INFO - worker kw15 pull /app/data/b2c/163538/b8982ah/rialto-ocdm-163538/library/source/OpenCDMSessionPrivate.cpp from ingest queue
2025-08-26 06:41:00,642 - Knowledge - INFO - worker kw17 pull /app/data/b2c/163538/b8982ah/rialto-ocdm-163538/library/source/open_cdm_ext.cpp from ingest queue
2025-08-26 06:41:00,642 - Knowledge - INFO - Found code-base-name: https://github.com/kavia-common/rialto-ocdm-163538.git:kavia-6.0.0-rc1
2025-08-26 06:41:00,642 - Knowledge - INFO - worker kw8 pull /app/data/b2c/163538/b8982ah/rialto-ocdm-163538/library/source/Logger.cpp from ingest queue
2025-08-26 06:41:00,702 - Knowledge - INFO - worker kw18 pull /app/data/b2c/163538/b8982ah/rialto-ocdm-163538/library/source/RialtoGStreamerEMEProtectionMetadata.cpp from ingest queue
2025-08-26 06:41:00,758 - Knowledge - INFO - Found code-base-name: https://github.com/kavia-common/rialto-ocdm-163538.git:kavia-6.0.0-rc1
2025-08-26 06:41:00,758 - Knowledge - INFO - Found code-base-name: https://github.com/kavia-common/rialto-ocdm-163538.git:kavia-6.0.0-rc1
2025-08-26 06:41:00,758 - Knowledge - INFO - Found code-base-name: https://github.com/kavia-common/rialto-ocdm-163538.git:kavia-6.0.0-rc1
2025-08-26 06:41:00,825 - Knowledge - INFO - adding /app/data/b2c/163538/b8982ah/rialto-ocdm-163538/library/include/OpenCDMSystemPrivate.h to ingest queue
2025-08-26 06:41:00,833 - Knowledge - INFO - knowledge worker kw20 start
2025-08-26 06:41:00,835 - Knowledge - WARNING - High connection count: 21 connections active
2025-08-26 06:41:01,070 - Knowledge - INFO - process ingested knowledge for /app/data/b2c/163538/b8982ah/rialto-ocdm-163538/library/source/ActiveSessions.cpp
2025-08-26 06:41:01,234 - Knowledge - INFO - process ingested knowledge for /app/data/b2c/163538/b8982ah/rialto-ocdm-163538/library/source/open_cdm_adapter.cpp
2025-08-26 06:41:01,330 - Knowledge - INFO - process ingested knowledge for /app/data/b2c/163538/b8982ah/rialto-ocdm-163538/library/source/OpenCDMSessionPrivate.cpp
2025-08-26 06:41:01,446 - Knowledge - INFO - process ingested knowledge for /app/data/b2c/163538/b8982ah/rialto-ocdm-163538/library/source/open_cdm_ext.cpp
2025-08-26 06:41:01,523 - Knowledge - INFO - Found code_base: <app.utils.kg_build.knowledge.KnowledgeCodeBase object at 0x7fcd227f53d0>
2025-08-26 06:41:01,659 - Knowledge - INFO - process ingested knowledge for /app/data/b2c/163538/b8982ah/rialto-ocdm-163538/library/source/Logger.cpp
2025-08-26 06:41:01,770 - Knowledge - INFO - process ingested knowledge for /app/data/b2c/163538/b8982ah/rialto-ocdm-163538/library/source/RialtoGStreamerEMEProtectionMetadata.cpp
2025-08-26 06:41:01,854 - Knowledge - INFO - Found code_base: <app.utils.kg_build.knowledge.KnowledgeCodeBase object at 0x7fcd227f53d0>
2025-08-26 06:41:01,941 - Knowledge - INFO - Found code_base: <app.utils.kg_build.knowledge.KnowledgeCodeBase object at 0x7fcd227f53d0>
2025-08-26 06:41:02,036 - Knowledge - INFO - Found code_base: <app.utils.kg_build.knowledge.KnowledgeCodeBase object at 0x7fcd227f53d0>
2025-08-26 06:41:02,135 - Knowledge - INFO - worker kw2 pull /app/data/b2c/163538/b8982ah/rialto-ocdm-163538/library/source/CdmBackend.cpp from ingest queue
2025-08-26 06:41:02,135 - Knowledge - INFO - adding /app/data/b2c/163538/b8982ah/rialto-ocdm-163538/library/include/RialtoGStreamerEMEProtectionMetadata.h to ingest queue
2025-08-26 06:41:02,343 - Knowledge - INFO - worker kw21 created with dedicated MongoDB connection (total: 21)
2025-08-26 06:41:03,617 - Knowledge - INFO - knowledge worker kw21 start
2025-08-26 06:41:03,101 - Knowledge - INFO - persist ingested knowledge for /app/data/b2c/163538/b8982ah/rialto-ocdm-163538/library/include/IMessageDispatcher.h
2025-08-26 06:41:03,204 - Knowledge - INFO - persist ingested knowledge for /app/data/b2c/163538/b8982ah/rialto-ocdm-163538/library/include/ICdmBackend.h
2025-08-26 06:41:03,292 - Knowledge - INFO - persist ingested knowledge for /app/data/b2c/163538/b8982ah/rialto-ocdm-163538/library/CMakeLists.txt
2025-08-26 06:41:03,450 - Knowledge - INFO - process ingested knowledge for /app/data/b2c/163538/b8982ah/rialto-ocdm-163538/library/source/CdmBackend.cpp
2025-08-26 06:41:03,516 - Knowledge - INFO - worker kw11 pull /app/data/b2c/163538/b8982ah/rialto-ocdm-163538/library/source/MessageDispatcher.cpp from ingest queue
2025-08-26 06:41:03,516 - Knowledge - INFO - adding /app/data/b2c/163538/b8982ah/rialto-ocdm-163538/library/include/OpenCDMSystem.h to ingest queue
2025-08-26 06:41:03,619 - Knowledge - WARNING - High connection count: 22 connections active
2025-08-26 06:41:02,779 - Knowledge - INFO - persist ingested knowledge for /app/data/b2c/163538/b8982ah/rialto-ocdm-163538/library/include/OpenCDMSessionPrivate.h
2025-08-26 06:41:04,247 - Knowledge - INFO - process ingested knowledge for /app/data/b2c/163538/b8982ah/rialto-ocdm-163538/library/source/MessageDispatcher.cpp
2025-08-26 06:41:04,414 - Knowledge - INFO - worker kw22 created with dedicated MongoDB connection (total: 22)
2025-08-26 06:41:04,444 - Knowledge - INFO - Found code-base-name: https://github.com/kavia-common/rialto-ocdm-163538.git:kavia-6.0.0-rc1
2025-08-26 06:41:04,444 - Knowledge - INFO - adding /app/data/b2c/163538/b8982ah/rialto-ocdm-163538/library/include/CdmBackend.h to ingest queue
2025-08-26 06:41:04,942 - Knowledge - INFO - worker kw9 pull /app/data/b2c/163538/b8982ah/rialto-ocdm-163538/library/source/OpenCDMSystemPrivate.cpp from ingest queue
2025-08-26 06:41:04,715 - Knowledge - WARNING - High connection count: 23 connections active
2025-08-26 06:41:04,824 - Knowledge - INFO - Found code_base: <app.utils.kg_build.knowledge.KnowledgeCodeBase object at 0x7fcd227f53d0>
2025-08-26 06:41:04,713 - Knowledge - INFO - knowledge worker kw22 start
2025-08-26 06:41:04,942 - Knowledge - INFO - worker kw20 pull /app/data/b2c/163538/b8982ah/rialto-ocdm-163538/library/source/MediaKeysCapabilitiesBackend.cpp from ingest queue
2025-08-26 06:41:04,944 - Knowledge - INFO - Found code-base-name: https://github.com/kavia-common/rialto-ocdm-163538.git:kavia-6.0.0-rc1
2025-08-26 06:41:04,944 - Knowledge - INFO - Found code-base-name: https://github.com/kavia-common/rialto-ocdm-163538.git:kavia-6.0.0-rc1
2025-08-26 06:41:05,671 - Knowledge - INFO - Found code_base: <app.utils.kg_build.knowledge.KnowledgeCodeBase object at 0x7fcd227f53d0>
2025-08-26 06:41:05,770 - Knowledge - INFO - persist ingested knowledge for /app/data/b2c/163538/b8982ah/rialto-ocdm-163538/library/source/OpenCDMSessionPrivate.cpp
2025-08-26 06:41:04,945 - Knowledge - INFO - Found code-base-name: https://github.com/kavia-common/rialto-ocdm-163538.git:kavia-6.0.0-rc1
2025-08-26 06:41:04,945 - Knowledge - INFO - adding /app/data/b2c/163538/b8982ah/rialto-ocdm-163538/library/include/MessageDispatcher.h to ingest queue
2025-08-26 06:41:05,095 - Knowledge - INFO - process ingested knowledge for /app/data/b2c/163538/b8982ah/rialto-ocdm-163538/library/source/OpenCDMSystemPrivate.cpp
2025-08-26 06:41:05,154 - Knowledge - INFO - worker kw23 created with dedicated MongoDB connection (total: 23)
2025-08-26 06:41:05,250 - Knowledge - INFO - persist ingested knowledge for /app/data/b2c/163538/b8982ah/rialto-ocdm-163538/library/source/open_cdm.cpp
2025-08-26 06:41:05,513 - Knowledge - INFO - process ingested knowledge for /app/data/b2c/163538/b8982ah/rialto-ocdm-163538/library/source/MediaKeysCapabilitiesBackend.cpp
2025-08-26 06:41:05,582 - Knowledge - INFO - Found code_base: <app.utils.kg_build.knowledge.KnowledgeCodeBase object at 0x7fcd227f53d0>
2025-08-26 06:41:04,944 - Knowledge - INFO - Found code-base-name: https://github.com/kavia-common/rialto-ocdm-163538.git:kavia-6.0.0-rc1
2025-08-26 06:41:04,944 - Knowledge - INFO - Found code-base-name: https://github.com/kavia-common/rialto-ocdm-163538.git:kavia-6.0.0-rc1
2025-08-26 06:41:05,944 - Knowledge - INFO - Found code_base: <app.utils.kg_build.knowledge.KnowledgeCodeBase object at 0x7fcd227f53d0>
2025-08-26 06:41:06,063 - Knowledge - INFO - worker kw19 pull /app/data/b2c/163538/b8982ah/rialto-ocdm-163538/cppcheck_suppressions.xml from ingest queue
2025-08-26 06:41:06,065 - Knowledge - INFO - worker kw21 pull /app/data/b2c/163538/b8982ah/rialto-ocdm-163538/README.md from ingest queue
2025-08-26 06:41:06,297 - Knowledge - INFO - Found code-base-name: https://github.com/kavia-common/rialto-ocdm-163538.git:kavia-6.0.0-rc1
2025-08-26 06:41:07,176 - Knowledge - INFO - Found code_base: <app.utils.kg_build.knowledge.KnowledgeCodeBase object at 0x7fcd227f53d0>
2025-08-26 06:41:07,307 - Knowledge - INFO - persist ingested knowledge for /app/data/b2c/163538/b8982ah/rialto-ocdm-163538/library/source/CdmBackend.cpp
2025-08-26 06:41:06,317 - Knowledge - WARNING - High connection count: 24 connections active
2025-08-26 06:41:06,376 - Knowledge - INFO - adding /app/data/b2c/163538/b8982ah/rialto-ocdm-163538/library/include/OpenCDMSessionPrivate.h to ingest queue
2025-08-26 06:41:06,620 - Knowledge - INFO - persist ingested knowledge for /app/data/b2c/163538/b8982ah/rialto-ocdm-163538/library/source/open_cdm_adapter.cpp
2025-08-26 06:41:06,738 - Knowledge - INFO - Found code_base: <app.utils.kg_build.knowledge.KnowledgeCodeBase object at 0x7fcd227f53d0>
2025-08-26 06:41:06,820 - Knowledge - INFO - Found code_base: <app.utils.kg_build.knowledge.KnowledgeCodeBase object at 0x7fcd227f53d0>
2025-08-26 06:41:06,894 - Knowledge - INFO - persist ingested knowledge for /app/data/b2c/163538/b8982ah/rialto-ocdm-163538/library/source/RialtoGStreamerEMEProtectionMetadata.cpp
2025-08-26 06:41:07,033 - Knowledge - INFO - process ingested knowledge for /app/data/b2c/163538/b8982ah/rialto-ocdm-163538/cppcheck_suppressions.xml
2025-08-26 06:41:07,118 - Knowledge - INFO - process ingested knowledge for /app/data/b2c/163538/b8982ah/rialto-ocdm-163538/README.md
2025-08-26 06:41:06,298 - Knowledge - INFO - worker kw12 pull /app/data/b2c/163538/b8982ah/rialto-ocdm-163538/tests/third-party/CMakeLists.txt from ingest queue
2025-08-26 06:41:06,311 - Knowledge - INFO - knowledge worker kw23 start
2025-08-26 06:41:07,522 - Knowledge - INFO - worker kw24 created with dedicated MongoDB connection (total: 24)
2025-08-26 06:41:07,653 - Knowledge - INFO - Found code-base-name: https://github.com/kavia-common/rialto-ocdm-163538.git:kavia-6.0.0-rc1
2025-08-26 06:41:07,653 - Knowledge - INFO - worker kw3 pull /app/data/b2c/163538/b8982ah/rialto-ocdm-163538/tests/third-party/source/ControlFactory.cpp from ingest queue
2025-08-26 06:41:07,653 - Knowledge - INFO - worker kw22 pull /app/data/b2c/163538/b8982ah/rialto-ocdm-163538/tests/third-party/source/MediaKeysFactory.cpp from ingest queue
2025-08-26 06:41:07,654 - Knowledge - INFO - worker kw4 pull /app/data/b2c/163538/b8982ah/rialto-ocdm-163538/tests/third-party/source/OcdmSessionsCallbacks.cpp from ingest queue
2025-08-26 06:41:07,654 - Knowledge - INFO - Found code-base-name: https://github.com/kavia-common/rialto-ocdm-163538.git:kavia-6.0.0-rc1
2025-08-26 06:41:07,654 - Knowledge - INFO - adding /app/data/b2c/163538/b8982ah/rialto-ocdm-163538/library/include/ICdmBackend.h to ingest queue
2025-08-26 06:41:07,872 - Knowledge - INFO - persist ingested knowledge for /app/data/b2c/163538/b8982ah/rialto-ocdm-163538/library/source/open_cdm_ext.cpp
2025-08-26 06:41:07,994 - Knowledge - INFO - persist ingested knowledge for /app/data/b2c/163538/b8982ah/rialto-ocdm-163538/library/source/Logger.cpp
2025-08-26 06:41:08,435 - Knowledge - INFO - process ingested knowledge for /app/data/b2c/163538/b8982ah/rialto-ocdm-163538/tests/third-party/CMakeLists.txt
2025-08-26 06:41:08,590 - Knowledge - INFO - knowledge worker kw24 start
2025-08-26 06:41:08,676 - Knowledge - INFO - Found code_base: <app.utils.kg_build.knowledge.KnowledgeCodeBase object at 0x7fcd227f53d0>
2025-08-26 06:41:08,844 - Knowledge - INFO - process ingested knowledge for /app/data/b2c/163538/b8982ah/rialto-ocdm-163538/tests/third-party/source/ControlFactory.cpp
2025-08-26 06:41:08,592 - Knowledge - WARNING - High connection count: 25 connections active
2025-08-26 06:41:08,922 - Knowledge - INFO - process ingested knowledge for /app/data/b2c/163538/b8982ah/rialto-ocdm-163538/tests/third-party/source/MediaKeysFactory.cpp
2025-08-26 06:41:09,013 - Knowledge - INFO - process ingested knowledge for /app/data/b2c/163538/b8982ah/rialto-ocdm-163538/tests/third-party/source/OcdmSessionsCallbacks.cpp
2025-08-26 06:41:09,038 - Knowledge - INFO - Found code_base: <app.utils.kg_build.knowledge.KnowledgeCodeBase object at 0x7fcd227f53d0>
2025-08-26 06:41:09,136 - Knowledge - INFO - adding /app/data/b2c/163538/b8982ah/rialto-ocdm-163538/library/CMakeLists.txt to ingest queue
2025-08-26 06:41:09,582 - Knowledge - INFO - persist ingested knowledge for /app/data/b2c/163538/b8982ah/rialto-ocdm-163538/library/source/ActiveSessions.cpp
2025-08-26 06:41:09,775 - Knowledge - INFO - worker kw25 created with dedicated MongoDB connection (total: 25)
2025-08-26 06:41:10,085 - Knowledge - INFO - persist ingested knowledge for /app/data/b2c/163538/b8982ah/rialto-ocdm-163538/library/source/OpenCDMSystemPrivate.cpp
2025-08-26 06:41:10,190 - Knowledge - INFO - adding /app/data/b2c/163538/b8982ah/rialto-ocdm-163538/library/include/ActiveSessions.h to ingest queue
2025-08-26 06:41:10,389 - Knowledge - INFO - knowledge worker kw25 start
2025-08-26 06:41:10,589 - Knowledge - INFO - Found code-base-name: https://github.com/kavia-common/rialto-ocdm-163538.git:kavia-6.0.0-rc1
2025-08-26 06:41:10,647 - Knowledge - INFO - Found code-base-name: https://github.com/kavia-common/rialto-ocdm-163538.git:kavia-6.0.0-rc1
2025-08-26 06:41:10,699 - Knowledge - INFO - worker kw13 pull /app/data/b2c/163538/b8982ah/rialto-ocdm-163538/tests/third-party/source/MediaKeysCapabilitiesFactory.cpp from ingest queue
2025-08-26 06:41:10,767 - Knowledge - INFO - Found code_base: <app.utils.kg_build.knowledge.KnowledgeCodeBase object at 0x7fcd227f53d0>
2025-08-26 06:41:10,862 - Knowledge - INFO - Found code-base-name: https://github.com/kavia-common/rialto-ocdm-163538.git:kavia-6.0.0-rc1
2025-08-26 06:41:11,207 - Knowledge - INFO - Found code_base: <app.utils.kg_build.knowledge.KnowledgeCodeBase object at 0x7fcd227f53d0>
2025-08-26 06:41:10,862 - Knowledge - INFO - worker kw23 pull /app/data/b2c/163538/b8982ah/rialto-ocdm-163538/tests/ut/CdmBackendTests.cpp from ingest queue
2025-08-26 06:41:10,862 - Knowledge - INFO - worker kw14 pull /app/data/b2c/163538/b8982ah/rialto-ocdm-163538/tests/ut/MessageDispatcherTests.cpp from ingest queue
2025-08-26 06:41:10,866 - Knowledge - INFO - Found code_base: <app.utils.kg_build.knowledge.KnowledgeCodeBase object at 0x7fcd227f53d0>
2025-08-26 06:41:10,962 - Knowledge - INFO - Found code-base-name: https://github.com/kavia-common/rialto-ocdm-163538.git:kavia-6.0.0-rc1
2025-08-26 06:41:10,962 - Knowledge - INFO - worker kw24 pull /app/data/b2c/163538/b8982ah/rialto-ocdm-163538/tests/ut/LoggerTests.cpp from ingest queue
2025-08-26 06:41:10,962 - Knowledge - INFO - Found code-base-name: https://github.com/kavia-common/rialto-ocdm-163538.git:kavia-6.0.0-rc1
2025-08-26 06:41:10,963 - Knowledge - INFO - Found code-base-name: https://github.com/kavia-common/rialto-ocdm-163538.git:kavia-6.0.0-rc1
2025-08-26 06:41:10,963 - Knowledge - INFO - Found code-base-name: https://github.com/kavia-common/rialto-ocdm-163538.git:kavia-6.0.0-rc1
2025-08-26 06:41:10,964 - Knowledge - INFO - worker kw6 pull /app/data/b2c/163538/b8982ah/rialto-ocdm-163538/tests/ut/MediaKeysCapabilitiesBackendTests.cpp from ingest queue
2025-08-26 06:41:11,036 - Knowledge - INFO - process ingested knowledge for /app/data/b2c/163538/b8982ah/rialto-ocdm-163538/tests/third-party/source/MediaKeysCapabilitiesFactory.cpp
2025-08-26 06:41:11,058 - Knowledge - INFO - worker kw1 pull /app/data/b2c/163538/b8982ah/rialto-ocdm-163538/tests/ut/OpenCdmTests.cpp from ingest queue
2025-08-26 06:41:11,059 - Knowledge - INFO - adding /app/data/b2c/163538/b8982ah/rialto-ocdm-163538/library/source/open_cdm.cpp to ingest queue
2025-08-26 06:41:11,109 - Knowledge - INFO - persist ingested knowledge for /app/data/b2c/163538/b8982ah/rialto-ocdm-163538/library/source/MessageDispatcher.cpp
2025-08-26 06:41:10,862 - Knowledge - INFO - Found code-base-name: https://github.com/kavia-common/rialto-ocdm-163538.git:kavia-6.0.0-rc1
2025-08-26 06:41:12,695 - Knowledge - INFO - Found code_base: <app.utils.kg_build.knowledge.KnowledgeCodeBase object at 0x7fcd227f53d0>
2025-08-26 06:41:11,447 - Knowledge - INFO - process ingested knowledge for /app/data/b2c/163538/b8982ah/rialto-ocdm-163538/tests/ut/CdmBackendTests.cpp
2025-08-26 06:41:11,533 - Knowledge - INFO - process ingested knowledge for /app/data/b2c/163538/b8982ah/rialto-ocdm-163538/tests/ut/MessageDispatcherTests.cpp
2025-08-26 06:41:11,624 - Knowledge - INFO - persist ingested knowledge for /app/data/b2c/163538/b8982ah/rialto-ocdm-163538/library/source/MediaKeysCapabilitiesBackend.cpp
2025-08-26 06:41:11,737 - Knowledge - INFO - Found code_base: <app.utils.kg_build.knowledge.KnowledgeCodeBase object at 0x7fcd227f53d0>
2025-08-26 06:41:11,854 - Knowledge - INFO - process ingested knowledge for /app/data/b2c/163538/b8982ah/rialto-ocdm-163538/tests/ut/LoggerTests.cpp
2025-08-26 06:41:11,936 - Knowledge - INFO - Found code_base: <app.utils.kg_build.knowledge.KnowledgeCodeBase object at 0x7fcd227f53d0>
2025-08-26 06:41:13,404 - Knowledge - INFO - persist ingested knowledge for /app/data/b2c/163538/b8982ah/rialto-ocdm-163538/tests/third-party/source/ControlFactory.cpp
2025-08-26 06:41:12,106 - Knowledge - INFO - Found code_base: <app.utils.kg_build.knowledge.KnowledgeCodeBase object at 0x7fcd227f53d0>
2025-08-26 06:41:13,560 - Knowledge - INFO - persist ingested knowledge for /app/data/b2c/163538/b8982ah/rialto-ocdm-163538/tests/third-party/source/OcdmSessionsCallbacks.cpp
2025-08-26 06:41:12,434 - Knowledge - INFO - process ingested knowledge for /app/data/b2c/163538/b8982ah/rialto-ocdm-163538/tests/ut/OpenCdmTests.cpp
2025-08-26 06:41:12,492 - Knowledge - INFO - adding /app/data/b2c/163538/b8982ah/rialto-ocdm-163538/library/source/CdmBackend.cpp to ingest queue
2025-08-26 06:41:11,293 - Knowledge - INFO - persist ingested knowledge for /app/data/b2c/163538/b8982ah/rialto-ocdm-163538/cppcheck_suppressions.xml
2025-08-26 06:41:12,792 - Knowledge - INFO - persist ingested knowledge for /app/data/b2c/163538/b8982ah/rialto-ocdm-163538/README.md
2025-08-26 06:41:13,185 - Knowledge - INFO - persist ingested knowledge for /app/data/b2c/163538/b8982ah/rialto-ocdm-163538/tests/third-party/CMakeLists.txt
2025-08-26 06:41:12,011 - Knowledge - INFO - Found code_base: <app.utils.kg_build.knowledge.KnowledgeCodeBase object at 0x7fcd227f53d0>
2025-08-26 06:41:12,221 - Knowledge - INFO - process ingested knowledge for /app/data/b2c/163538/b8982ah/rialto-ocdm-163538/tests/ut/MediaKeysCapabilitiesBackendTests.cpp
2025-08-26 06:41:13,822 - Knowledge - INFO - adding /app/data/b2c/163538/b8982ah/rialto-ocdm-163538/library/include/IMessageDispatcher.h to ingest queue
2025-08-26 06:41:14,184 - Knowledge - INFO - persist ingested knowledge for /app/data/b2c/163538/b8982ah/rialto-ocdm-163538/tests/third-party/source/MediaKeysFactory.cpp
2025-08-26 06:41:14,363 - Knowledge - INFO - adding /app/data/b2c/163538/b8982ah/rialto-ocdm-163538/library/source/OpenCDMSessionPrivate.cpp to ingest queue
2025-08-26 06:41:14,519 - Knowledge - INFO - adding /app/data/b2c/163538/b8982ah/rialto-ocdm-163538/library/source/open_cdm_adapter.cpp to ingest queue
2025-08-26 06:41:14,630 - Knowledge - INFO - adding /app/data/b2c/163538/b8982ah/rialto-ocdm-163538/library/source/RialtoGStreamerEMEProtectionMetadata.cpp to ingest queue
2025-08-26 06:41:14,824 - Knowledge - INFO - adding /app/data/b2c/163538/b8982ah/rialto-ocdm-163538/library/source/open_cdm_ext.cpp to ingest queue
2025-08-26 06:41:14,995 - Knowledge - INFO - worker kw25 pull /app/data/b2c/163538/b8982ah/rialto-ocdm-163538/tests/ut/OpenCdmSessionTests.cpp from ingest queue
2025-08-26 06:41:14,995 - Knowledge - INFO - adding /app/data/b2c/163538/b8982ah/rialto-ocdm-163538/library/source/ActiveSessions.cpp to ingest queue
2025-08-26 06:41:15,125 - Knowledge - INFO - process ingested knowledge for /app/data/b2c/163538/b8982ah/rialto-ocdm-163538/tests/ut/OpenCdmSessionTests.cpp
2025-08-26 06:41:15,172 - Knowledge - INFO - Found code-base-name: https://github.com/kavia-common/rialto-ocdm-163538.git:kavia-6.0.0-rc1
2025-08-26 06:41:15,339 - Knowledge - INFO - Found code_base: <app.utils.kg_build.knowledge.KnowledgeCodeBase object at 0x7fcd227f53d0>
2025-08-26 06:41:15,243 - Knowledge - INFO - adding /app/data/b2c/163538/b8982ah/rialto-ocdm-163538/library/source/MessageDispatcher.cpp to ingest queue
2025-08-26 06:41:15,172 - Knowledge - INFO - worker kw16 pull /app/data/b2c/163538/b8982ah/rialto-ocdm-163538/tests/ut/CMakeLists.txt from ingest queue
2025-08-26 06:41:15,414 - Knowledge - INFO - persist ingested knowledge for /app/data/b2c/163538/b8982ah/rialto-ocdm-163538/tests/third-party/source/MediaKeysCapabilitiesFactory.cpp
2025-08-26 06:41:15,599 - Knowledge - INFO - Found code-base-name: https://github.com/kavia-common/rialto-ocdm-163538.git:kavia-6.0.0-rc1
2025-08-26 06:41:15,714 - Knowledge - INFO - process ingested knowledge for /app/data/b2c/163538/b8982ah/rialto-ocdm-163538/tests/ut/CMakeLists.txt
2025-08-26 06:41:15,717 - Knowledge - INFO - Found code-base-name: https://github.com/kavia-common/rialto-ocdm-163538.git:kavia-6.0.0-rc1
2025-08-26 06:41:15,717 - Knowledge - INFO - worker kw2 pull /app/data/b2c/163538/b8982ah/rialto-ocdm-163538/tests/ut/OpenCdmAdapterTests.cpp from ingest queue
2025-08-26 06:41:15,833 - Knowledge - INFO - Found code_base: <app.utils.kg_build.knowledge.KnowledgeCodeBase object at 0x7fcd227f53d0>
2025-08-26 06:41:15,835 - Knowledge - INFO - Found code-base-name: https://github.com/kavia-common/rialto-ocdm-163538.git:kavia-6.0.0-rc1
2025-08-26 06:41:15,835 - Knowledge - INFO - worker kw5 pull /app/data/b2c/163538/b8982ah/rialto-ocdm-163538/tests/ut/OpenCdmExtTests.cpp from ingest queue
2025-08-26 06:41:15,835 - Knowledge - INFO - worker kw15 pull /app/data/b2c/163538/b8982ah/rialto-ocdm-163538/tests/ut/ActiveSessionsTests.cpp from ingest queue
2025-08-26 06:41:15,835 - Knowledge - INFO - worker kw18 pull /app/data/b2c/163538/b8982ah/rialto-ocdm-163538/tests/ut/OpenCdmSystemTests.cpp from ingest queue
2025-08-26 06:41:15,836 - Knowledge - INFO - adding /app/data/b2c/163538/b8982ah/rialto-ocdm-163538/library/source/Logger.cpp to ingest queue
2025-08-26 06:41:16,074 - Knowledge - INFO - Found code_base: <app.utils.kg_build.knowledge.KnowledgeCodeBase object at 0x7fcd227f53d0>
2025-08-26 06:41:16,207 - Knowledge - INFO - process ingested knowledge for /app/data/b2c/163538/b8982ah/rialto-ocdm-163538/tests/ut/OpenCdmAdapterTests.cpp
2025-08-26 06:41:16,255 - Knowledge - INFO - persist ingested knowledge for /app/data/b2c/163538/b8982ah/rialto-ocdm-163538/tests/ut/LoggerTests.cpp
2025-08-26 06:41:16,367 - Knowledge - INFO - Found code_base: <app.utils.kg_build.knowledge.KnowledgeCodeBase object at 0x7fcd227f53d0>
2025-08-26 06:41:16,532 - Knowledge - INFO - process ingested knowledge for /app/data/b2c/163538/b8982ah/rialto-ocdm-163538/tests/ut/OpenCdmExtTests.cpp
2025-08-26 06:41:16,618 - Knowledge - INFO - process ingested knowledge for /app/data/b2c/163538/b8982ah/rialto-ocdm-163538/tests/ut/ActiveSessionsTests.cpp
2025-08-26 06:41:16,708 - Knowledge - INFO - process ingested knowledge for /app/data/b2c/163538/b8982ah/rialto-ocdm-163538/tests/ut/OpenCdmSystemTests.cpp
2025-08-26 06:41:16,743 - Knowledge - INFO - adding /app/data/b2c/163538/b8982ah/rialto-ocdm-163538/library/source/OpenCDMSystemPrivate.cpp to ingest queue
2025-08-26 06:41:16,863 - Knowledge - INFO - persist ingested knowledge for /app/data/b2c/163538/b8982ah/rialto-ocdm-163538/tests/ut/OpenCdmTests.cpp
2025-08-26 06:41:17,126 - Knowledge - INFO - persist ingested knowledge for /app/data/b2c/163538/b8982ah/rialto-ocdm-163538/tests/ut/MediaKeysCapabilitiesBackendTests.cpp
2025-08-26 06:41:17,521 - Knowledge - INFO - worker kw7 pull /app/data/b2c/163538/b8982ah/rialto-ocdm-163538/tests/mocks/MediaKeysMock.h from ingest queue
2025-08-26 06:41:17,522 - Knowledge - INFO - Found code-base-name: https://github.com/kavia-common/rialto-ocdm-163538.git:kavia-6.0.0-rc1
2025-08-26 06:41:17,522 - Knowledge - INFO - Found code-base-name: https://github.com/kavia-common/rialto-ocdm-163538.git:kavia-6.0.0-rc1
2025-08-26 06:41:17,523 - Knowledge - INFO - worker kw11 pull /app/data/b2c/163538/b8982ah/rialto-ocdm-163538/tests/mocks/MessageDispatcherMock.h from ingest queue
2025-08-26 06:41:17,523 - Knowledge - INFO - adding /app/data/b2c/163538/b8982ah/rialto-ocdm-163538/library/source/MediaKeysCapabilitiesBackend.cpp to ingest queue
2025-08-26 06:41:17,824 - Knowledge - INFO - process ingested knowledge for /app/data/b2c/163538/b8982ah/rialto-ocdm-163538/tests/mocks/MediaKeysMock.h
2025-08-26 06:41:17,874 - Knowledge - INFO - Found code_base: <app.utils.kg_build.knowledge.KnowledgeCodeBase object at 0x7fcd227f53d0>
2025-08-26 06:41:17,963 - Knowledge - INFO - Found code_base: <app.utils.kg_build.knowledge.KnowledgeCodeBase object at 0x7fcd227f53d0>
2025-08-26 06:41:18,111 - Knowledge - INFO - process ingested knowledge for /app/data/b2c/163538/b8982ah/rialto-ocdm-163538/tests/mocks/MessageDispatcherMock.h
2025-08-26 06:41:18,168 - Knowledge - INFO - adding /app/data/b2c/163538/b8982ah/rialto-ocdm-163538/tests/third-party/source/OcdmSessionsCallbacks.cpp to ingest queue
2025-08-26 06:41:18,389 - Knowledge - INFO - persist ingested knowledge for /app/data/b2c/163538/b8982ah/rialto-ocdm-163538/tests/ut/CdmBackendTests.cpp
2025-08-26 06:41:18,494 - Knowledge - INFO - persist ingested knowledge for /app/data/b2c/163538/b8982ah/rialto-ocdm-163538/tests/ut/OpenCdmSessionTests.cpp
2025-08-26 06:41:18,784 - Knowledge - INFO - adding /app/data/b2c/163538/b8982ah/rialto-ocdm-163538/cppcheck_suppressions.xml to ingest queue
2025-08-26 06:41:19,002 - Knowledge - INFO - adding /app/data/b2c/163538/b8982ah/rialto-ocdm-163538/tests/third-party/CMakeLists.txt to ingest queue
2025-08-26 06:41:19,207 - Knowledge - INFO - adding /app/data/b2c/163538/b8982ah/rialto-ocdm-163538/tests/third-party/source/MediaKeysFactory.cpp to ingest queue
2025-08-26 06:41:19,297 - Knowledge - INFO - worker kw22 pull /app/data/b2c/163538/b8982ah/rialto-ocdm-163538/tests/mocks/CdmBackendMock.h from ingest queue
2025-08-26 06:41:19,301 - Knowledge - INFO - worker kw17 pull /app/data/b2c/163538/b8982ah/rialto-ocdm-163538/tests/mocks/OcdmSessionsCallbacksMock.h from ingest queue
2025-08-26 06:41:19,372 - Knowledge - INFO - adding /app/data/b2c/163538/b8982ah/rialto-ocdm-163538/tests/ut/LoggerTests.cpp to ingest queue
2025-08-26 06:41:19,600 - Knowledge - INFO - Found code-base-name: https://github.com/kavia-common/rialto-ocdm-163538.git:kavia-6.0.0-rc1
2025-08-26 06:41:19,515 - Knowledge - INFO - process ingested knowledge for /app/data/b2c/163538/b8982ah/rialto-ocdm-163538/tests/mocks/OcdmSessionsCallbacksMock.h
2025-08-26 06:41:19,443 - Knowledge - INFO - process ingested knowledge for /app/data/b2c/163538/b8982ah/rialto-ocdm-163538/tests/mocks/CdmBackendMock.h
2025-08-26 06:41:19,601 - Knowledge - INFO - Found code-base-name: https://github.com/kavia-common/rialto-ocdm-163538.git:kavia-6.0.0-rc1
2025-08-26 06:41:19,602 - Knowledge - INFO - Found code-base-name: https://github.com/kavia-common/rialto-ocdm-163538.git:kavia-6.0.0-rc1
2025-08-26 06:41:19,602 - Knowledge - INFO - worker kw9 pull /app/data/b2c/163538/b8982ah/rialto-ocdm-163538/tests/mocks/OpenCDMSessionMock.h from ingest queue
2025-08-26 06:41:19,602 - Knowledge - INFO - adding /app/data/b2c/163538/b8982ah/rialto-ocdm-163538/tests/third-party/source/ControlFactory.cpp to ingest queue
2025-08-26 06:41:19,696 - Knowledge - INFO - Found code_base: <app.utils.kg_build.knowledge.KnowledgeCodeBase object at 0x7fcd227f53d0>
2025-08-26 06:41:19,978 - Knowledge - INFO - Found code_base: <app.utils.kg_build.knowledge.KnowledgeCodeBase object at 0x7fcd227f53d0>
2025-08-26 06:41:20,062 - Knowledge - INFO - Found code_base: <app.utils.kg_build.knowledge.KnowledgeCodeBase object at 0x7fcd227f53d0>
2025-08-26 06:41:20,202 - Knowledge - INFO - process ingested knowledge for /app/data/b2c/163538/b8982ah/rialto-ocdm-163538/tests/mocks/OpenCDMSessionMock.h
2025-08-26 06:41:20,308 - Knowledge - INFO - worker kw20 pull /app/data/b2c/163538/b8982ah/rialto-ocdm-163538/tests/mocks/MediaKeysCapabilitiesMock.h from ingest queue
2025-08-26 06:41:20,308 - Knowledge - INFO - Found code-base-name: https://github.com/kavia-common/rialto-ocdm-163538.git:kavia-6.0.0-rc1
2025-08-26 06:41:20,308 - Knowledge - INFO - worker kw4 pull /app/data/b2c/163538/b8982ah/rialto-ocdm-163538/tests/mocks/CMakeLists.txt from ingest queue
2025-08-26 06:41:20,308 - Knowledge - INFO - adding /app/data/b2c/163538/b8982ah/rialto-ocdm-163538/README.md to ingest queue
2025-08-26 06:41:20,379 - Knowledge - INFO - persist ingested knowledge for /app/data/b2c/163538/b8982ah/rialto-ocdm-163538/tests/ut/ActiveSessionsTests.cpp
2025-08-26 06:41:20,478 - Knowledge - INFO - persist ingested knowledge for /app/data/b2c/163538/b8982ah/rialto-ocdm-163538/tests/ut/OpenCdmSystemTests.cpp
2025-08-26 06:41:20,616 - Knowledge - INFO - persist ingested knowledge for /app/data/b2c/163538/b8982ah/rialto-ocdm-163538/tests/ut/MessageDispatcherTests.cpp
2025-08-26 06:41:20,844 - Knowledge - INFO - process ingested knowledge for /app/data/b2c/163538/b8982ah/rialto-ocdm-163538/tests/mocks/MediaKeysCapabilitiesMock.h
2025-08-26 06:41:20,898 - Knowledge - INFO - Found code_base: <app.utils.kg_build.knowledge.KnowledgeCodeBase object at 0x7fcd227f53d0>
2025-08-26 06:41:21,008 - Knowledge - INFO - process ingested knowledge for /app/data/b2c/163538/b8982ah/rialto-ocdm-163538/tests/mocks/CMakeLists.txt
2025-08-26 06:41:21,097 - Knowledge - INFO - adding /app/data/b2c/163538/b8982ah/rialto-ocdm-163538/tests/third-party/source/MediaKeysCapabilitiesFactory.cpp to ingest queue
2025-08-26 06:41:21,620 - Knowledge - INFO - persist ingested knowledge for /app/data/b2c/163538/b8982ah/rialto-ocdm-163538/tests/mocks/MediaKeysMock.h
2025-08-26 06:41:21,889 - Knowledge - INFO - worker kw19 pull /app/data/b2c/163538/b8982ah/rialto-ocdm-163538/tests/mocks/ControlMock.h from ingest queue
2025-08-26 06:41:21,889 - Knowledge - INFO - worker kw12 pull /app/data/b2c/163538/b8982ah/rialto-ocdm-163538/tests/mocks/MessageDispatcherClientMock.h from ingest queue
2025-08-26 06:41:21,889 - Knowledge - INFO - Found code-base-name: https://github.com/kavia-common/rialto-ocdm-163538.git:kavia-6.0.0-rc1
2025-08-26 06:41:21,889 - Knowledge - INFO - Found code-base-name: https://github.com/kavia-common/rialto-ocdm-163538.git:kavia-6.0.0-rc1
2025-08-26 06:41:21,889 - Knowledge - INFO - Found code-base-name: https://github.com/kavia-common/rialto-ocdm-163538.git:kavia-6.0.0-rc1
2025-08-26 06:41:22,485 - Knowledge - INFO - Found code_base: <app.utils.kg_build.knowledge.KnowledgeCodeBase object at 0x7fcd227f53d0>
2025-08-26 06:41:21,952 - Knowledge - INFO - Found code-base-name: https://github.com/kavia-common/rialto-ocdm-163538.git:kavia-6.0.0-rc1
2025-08-26 06:41:21,952 - Knowledge - INFO - worker kw3 pull /app/data/b2c/163538/b8982ah/rialto-ocdm-163538/tests/mocks/OpenCDMSystemMock.h from ingest queue
2025-08-26 06:41:21,952 - Knowledge - INFO - adding /app/data/b2c/163538/b8982ah/rialto-ocdm-163538/tests/ut/MediaKeysCapabilitiesBackendTests.cpp to ingest queue
2025-08-26 06:41:22,074 - Knowledge - INFO - process ingested knowledge for /app/data/b2c/163538/b8982ah/rialto-ocdm-163538/tests/mocks/ControlMock.h
2025-08-26 06:41:22,161 - Knowledge - INFO - process ingested knowledge for /app/data/b2c/163538/b8982ah/rialto-ocdm-163538/tests/mocks/MessageDispatcherClientMock.h
2025-08-26 06:41:22,256 - Knowledge - INFO - Found code_base: <app.utils.kg_build.knowledge.KnowledgeCodeBase object at 0x7fcd227f53d0>
2025-08-26 06:41:22,361 - Knowledge - INFO - Found code_base: <app.utils.kg_build.knowledge.KnowledgeCodeBase object at 0x7fcd227f53d0>
2025-08-26 06:41:23,277 - Knowledge - INFO - persist ingested knowledge for /app/data/b2c/163538/b8982ah/rialto-ocdm-163538/tests/ut/OpenCdmAdapterTests.cpp
2025-08-26 06:41:22,572 - Knowledge - INFO - persist ingested knowledge for /app/data/b2c/163538/b8982ah/rialto-ocdm-163538/tests/ut/OpenCdmExtTests.cpp
2025-08-26 06:41:22,671 - Knowledge - INFO - Found code_base: <app.utils.kg_build.knowledge.KnowledgeCodeBase object at 0x7fcd227f53d0>
2025-08-26 06:41:22,815 - Knowledge - INFO - process ingested knowledge for /app/data/b2c/163538/b8982ah/rialto-ocdm-163538/tests/mocks/OpenCDMSystemMock.h
2025-08-26 06:41:22,940 - Knowledge - INFO - Found code-base-name: https://github.com/kavia-common/rialto-ocdm-163538.git:kavia-6.0.0-rc1
2025-08-26 06:41:22,940 - Knowledge - INFO - worker kw21 pull /app/data/b2c/163538/b8982ah/rialto-ocdm-163538/CONTRIBUTING.md from ingest queue
2025-08-26 06:41:22,990 - Knowledge - INFO - adding /app/data/b2c/163538/b8982ah/rialto-ocdm-163538/tests/ut/ActiveSessionsTests.cpp to ingest queue
2025-08-26 06:41:23,176 - Knowledge - INFO - persist ingested knowledge for /app/data/b2c/163538/b8982ah/rialto-ocdm-163538/tests/ut/CMakeLists.txt
2025-08-26 06:41:21,889 - Knowledge - INFO - worker kw24 pull /app/data/b2c/163538/b8982ah/rialto-ocdm-163538/tests/mocks/MediaKeysClientMock.h from ingest queue
2025-08-26 06:41:23,579 - Knowledge - INFO - persist ingested knowledge for /app/data/b2c/163538/b8982ah/rialto-ocdm-163538/tests/mocks/CdmBackendMock.h
2025-08-26 06:41:23,780 - Knowledge - INFO - Found code_base: <app.utils.kg_build.knowledge.KnowledgeCodeBase object at 0x7fcd227f53d0>
2025-08-26 06:41:23,941 - Knowledge - INFO - process ingested knowledge for /app/data/b2c/163538/b8982ah/rialto-ocdm-163538/CONTRIBUTING.md
2025-08-26 06:41:24,003 - Knowledge - INFO - Found code-base-name: https://github.com/kavia-common/rialto-ocdm-163538.git:kavia-6.0.0-rc1
2025-08-26 06:41:24,005 - Knowledge - INFO - Found code-base-name: https://github.com/kavia-common/rialto-ocdm-163538.git:kavia-6.0.0-rc1
2025-08-26 06:41:24,006 - Knowledge - INFO - worker kw13 pull /app/data/b2c/163538/b8982ah/rialto-ocdm-163538/CHANGELOG.md from ingest queue
2025-08-26 06:41:24,006 - Knowledge - INFO - worker kw10 pull /app/data/b2c/163538/b8982ah/rialto-ocdm-163538/build_ut.py from ingest queue
2025-08-26 06:41:24,066 - Knowledge - INFO - adding /app/data/b2c/163538/b8982ah/rialto-ocdm-163538/tests/ut/OpenCdmTests.cpp to ingest queue
2025-08-26 06:41:24,246 - Knowledge - INFO - process ingested knowledge for /app/data/b2c/163538/b8982ah/rialto-ocdm-163538/tests/mocks/MediaKeysClientMock.h
2025-08-26 06:41:24,410 - Knowledge - INFO - persist ingested knowledge for /app/data/b2c/163538/b8982ah/rialto-ocdm-163538/tests/mocks/OpenCDMSessionMock.h
2025-08-26 06:41:24,572 - Knowledge - INFO - Found code_base: <app.utils.kg_build.knowledge.KnowledgeCodeBase object at 0x7fcd227f53d0>
2025-08-26 06:41:24,662 - Knowledge - INFO - Found code_base: <app.utils.kg_build.knowledge.KnowledgeCodeBase object at 0x7fcd227f53d0>
2025-08-26 06:41:24,797 - Knowledge - INFO - process ingested knowledge for /app/data/b2c/163538/b8982ah/rialto-ocdm-163538/CHANGELOG.md
2025-08-26 06:41:24,875 - Knowledge - INFO - process ingested knowledge for /app/data/b2c/163538/b8982ah/rialto-ocdm-163538/build_ut.py
2025-08-26 06:41:24,943 - Knowledge - INFO - Found code-base-name: https://github.com/kavia-common/rialto-ocdm-163538.git:kavia-6.0.0-rc1
2025-08-26 06:41:24,943 - Knowledge - INFO - worker kw6 pull /app/data/b2c/163538/b8982ah/rialto-ocdm-163538/scripts/cpplint/cpplint.py from ingest queue
2025-08-26 06:41:25,008 - Knowledge - INFO - Found code-base-name: https://github.com/kavia-common/rialto-ocdm-163538.git:kavia-6.0.0-rc1
2025-08-26 06:41:25,064 - Knowledge - INFO - Found code-base-name: https://github.com/kavia-common/rialto-ocdm-163538.git:kavia-6.0.0-rc1
2025-08-26 06:41:25,180 - Knowledge - INFO - Found code-base-name: https://github.com/kavia-common/rialto-ocdm-163538.git:kavia-6.0.0-rc1
2025-08-26 06:41:25,180 - Knowledge - INFO - worker kw15 pull /app/data/b2c/163538/b8982ah/rialto-ocdm-163538/scripts/clang-format/process_clang-format_errors.py from ingest queue
2025-08-26 06:41:25,181 - Knowledge - INFO - Found code-base-name: https://github.com/kavia-common/rialto-ocdm-163538.git:kavia-6.0.0-rc1
2025-08-26 06:41:25,181 - Knowledge - INFO - worker kw8 pull /app/data/b2c/163538/b8982ah/rialto-ocdm-163538/TERMS.md from ingest queue
2025-08-26 06:41:25,181 - Knowledge - INFO - adding /app/data/b2c/163538/b8982ah/rialto-ocdm-163538/tests/mocks/MediaKeysMock.h to ingest queue
2025-08-26 06:41:25,201 - Knowledge - INFO - persist ingested knowledge for /app/data/b2c/163538/b8982ah/rialto-ocdm-163538/tests/mocks/MediaKeysCapabilitiesMock.h
2025-08-26 06:41:25,308 - Knowledge - INFO - persist ingested knowledge for /app/data/b2c/163538/b8982ah/rialto-ocdm-163538/tests/mocks/CMakeLists.txt
2025-08-26 06:41:25,674 - Knowledge - INFO - Found code_base: <app.utils.kg_build.knowledge.KnowledgeCodeBase object at 0x7fcd227f53d0>
2025-08-26 06:41:25,764 - Knowledge - INFO - Thread kw6 - File cpplint.py - Remaining files in queue: 40
2025-08-26 06:41:25,878 - Knowledge - INFO - Found code_base: <app.utils.kg_build.knowledge.KnowledgeCodeBase object at 0x7fcd227f53d0>
2025-08-26 06:41:25,967 - Knowledge - INFO - Found code_base: <app.utils.kg_build.knowledge.KnowledgeCodeBase object at 0x7fcd227f53d0>
2025-08-26 06:41:26,047 - Knowledge - INFO - Found code_base: <app.utils.kg_build.knowledge.KnowledgeCodeBase object at 0x7fcd227f53d0>
2025-08-26 06:41:26,125 - Knowledge - INFO - Thread kw15 - File process_clang-format_errors.py - Remaining files in queue: 40
2025-08-26 06:41:26,211 - Knowledge - INFO - Found code_base: <app.utils.kg_build.knowledge.KnowledgeCodeBase object at 0x7fcd227f53d0>
2025-08-26 06:41:26,321 - Knowledge - INFO - Thread kw8 - File TERMS.md - Remaining files in queue: 40
2025-08-26 06:41:26,561 - Knowledge - INFO - Found code-base-name: https://github.com/kavia-common/rialto-ocdm-163538.git:kavia-6.0.0-rc1
2025-08-26 06:41:27,524 - Knowledge - INFO - Found code_base: <app.utils.kg_build.knowledge.KnowledgeCodeBase object at 0x7fcd227f53d0>
2025-08-26 06:41:26,562 - Knowledge - INFO - adding /app/data/b2c/163538/b8982ah/rialto-ocdm-163538/tests/ut/CdmBackendTests.cpp to ingest queue
2025-08-26 06:41:26,705 - Knowledge - INFO - persist ingested knowledge for /app/data/b2c/163538/b8982ah/rialto-ocdm-163538/tests/mocks/MessageDispatcherMock.h
2025-08-26 06:41:26,798 - Knowledge - INFO - start ingest for /app/data/b2c/163538/b8982ah/rialto-ocdm-163538/scripts/cpplint/cpplint.py
2025-08-26 06:41:26,926 - Knowledge - INFO - persist ingested knowledge for /app/data/b2c/163538/b8982ah/rialto-ocdm-163538/tests/mocks/ControlMock.h
2025-08-26 06:41:27,040 - Knowledge - INFO - persist ingested knowledge for /app/data/b2c/163538/b8982ah/rialto-ocdm-163538/tests/mocks/MessageDispatcherClientMock.h
2025-08-26 06:41:27,143 - Knowledge - INFO - persist ingested knowledge for /app/data/b2c/163538/b8982ah/rialto-ocdm-163538/tests/mocks/OpenCDMSystemMock.h
2025-08-26 06:41:27,230 - Knowledge - INFO - start ingest for /app/data/b2c/163538/b8982ah/rialto-ocdm-163538/scripts/clang-format/process_clang-format_errors.py
2025-08-26 06:41:27,322 - Knowledge - INFO - persist ingested knowledge for /app/data/b2c/163538/b8982ah/rialto-ocdm-163538/tests/mocks/OcdmSessionsCallbacksMock.h
2025-08-26 06:41:27,409 - Knowledge - INFO - start ingest for /app/data/b2c/163538/b8982ah/rialto-ocdm-163538/TERMS.md
2025-08-26 06:41:26,562 - Knowledge - INFO - worker kw1 pull /app/data/b2c/163538/b8982ah/rialto-ocdm-163538/scripts/valgrind/process_valgrind_results.py from ingest queue
2025-08-26 06:41:27,619 - Knowledge - INFO - persist ingested knowledge for /app/data/b2c/163538/b8982ah/rialto-ocdm-163538/CONTRIBUTING.md
2025-08-26 06:41:27,707 - Knowledge - INFO - Found code-base-name: https://github.com/kavia-common/rialto-ocdm-163538.git:kavia-6.0.0-rc1
2025-08-26 06:41:27,709 - Knowledge - INFO - adding /app/data/b2c/163538/b8982ah/rialto-ocdm-163538/tests/ut/MessageDispatcherTests.cpp to ingest queue
2025-08-26 06:41:28,524 - Knowledge - INFO - Fast-track processing for simple file: /app/data/b2c/163538/b8982ah/rialto-ocdm-163538/TERMS.md
2025-08-26 06:41:28,638 - Knowledge - INFO - Thread kw1 - File process_valgrind_results.py - Remaining files in queue: 41
2025-08-26 06:41:29,137 - Knowledge - INFO - start ingest for /app/data/b2c/163538/b8982ah/rialto-ocdm-163538/scripts/valgrind/process_valgrind_results.py
2025-08-26 06:41:29,023 - Knowledge - INFO - adding /app/data/b2c/163538/b8982ah/rialto-ocdm-163538/tests/ut/OpenCdmAdapterTests.cpp to ingest queue
2025-08-26 06:41:29,040 - Knowledge - INFO - done fast ingest for /app/data/b2c/163538/b8982ah/rialto-ocdm-163538/TERMS.md
2025-08-26 06:41:28,879 - Knowledge - INFO - Found code_base: <app.utils.kg_build.knowledge.KnowledgeCodeBase object at 0x7fcd227f53d0>
2025-08-26 06:41:29,332 - Knowledge - INFO - worker kw2 pull /app/data/b2c/163538/b8982ah/rialto-ocdm-163538/cmake/googletest.cmake from ingest queue
2025-08-26 06:41:29,857 - Knowledge - INFO - Thread kw2 - File googletest.cmake - Remaining files in queue: 42
2025-08-26 06:41:29,333 - Knowledge - INFO - Found code-base-name: https://github.com/kavia-common/rialto-ocdm-163538.git:kavia-6.0.0-rc1
2025-08-26 06:41:29,333 - Knowledge - INFO - adding /app/data/b2c/163538/b8982ah/rialto-ocdm-163538/tests/ut/OpenCdmSessionTests.cpp to ingest queue
2025-08-26 06:41:29,451 - Knowledge - INFO - process ingested knowledge for /app/data/b2c/163538/b8982ah/rialto-ocdm-163538/TERMS.md
2025-08-26 06:41:29,560 - Knowledge - INFO - persist ingested knowledge for /app/data/b2c/163538/b8982ah/rialto-ocdm-163538/tests/mocks/MediaKeysClientMock.h
2025-08-26 06:41:29,333 - Knowledge - INFO - Found code-base-name: https://github.com/kavia-common/rialto-ocdm-163538.git:kavia-6.0.0-rc1
2025-08-26 06:41:29,951 - Knowledge - INFO - start ingest for /app/data/b2c/163538/b8982ah/rialto-ocdm-163538/cmake/googletest.cmake
2025-08-26 06:41:30,071 - Knowledge - INFO - Found code_base: <app.utils.kg_build.knowledge.KnowledgeCodeBase object at 0x7fcd227f53d0>
2025-08-26 06:41:30,174 - Knowledge - INFO - adding /app/data/b2c/163538/b8982ah/rialto-ocdm-163538/tests/ut/CMakeLists.txt to ingest queue
2025-08-26 06:41:30,433 - Knowledge - INFO - Found code_base: <app.utils.kg_build.knowledge.KnowledgeCodeBase object at 0x7fcd227f53d0>
2025-08-26 06:41:30,621 - Knowledge - INFO - persist ingested knowledge for /app/data/b2c/163538/b8982ah/rialto-ocdm-163538/build_ut.py
2025-08-26 06:41:30,801 - Knowledge - INFO - adding /app/data/b2c/163538/b8982ah/rialto-ocdm-163538/tests/mocks/CdmBackendMock.h to ingest queue
2025-08-26 06:41:30,819 - Knowledge - INFO - persist ingested knowledge for /app/data/b2c/163538/b8982ah/rialto-ocdm-163538/CHANGELOG.md
2025-08-26 06:41:31,001 - Knowledge - INFO - adding /app/data/b2c/163538/b8982ah/rialto-ocdm-163538/tests/ut/OpenCdmSystemTests.cpp to ingest queue
2025-08-26 06:41:31,424 - Knowledge - INFO - worker kw23 pull /app/data/b2c/163538/b8982ah/rialto-ocdm-163538/CMakeLists.txt from ingest queue
2025-08-26 06:41:31,536 - Knowledge - INFO - Thread kw23 - File CMakeLists.txt - Remaining files in queue: 45
2025-08-26 06:41:31,709 - Knowledge - INFO - start ingest for /app/data/b2c/163538/b8982ah/rialto-ocdm-163538/CMakeLists.txt
2025-08-26 06:41:31,860 - Knowledge - INFO - Fast-track processing for simple file: /app/data/b2c/163538/b8982ah/rialto-ocdm-163538/CMakeLists.txt
2025-08-26 06:41:32,040 - Knowledge - INFO - done fast ingest for /app/data/b2c/163538/b8982ah/rialto-ocdm-163538/CMakeLists.txt
2025-08-26 06:41:32,158 - Knowledge - INFO - process ingested knowledge for /app/data/b2c/163538/b8982ah/rialto-ocdm-163538/CMakeLists.txt
2025-08-26 06:41:32,542 - Knowledge - INFO - worker kw14 pull /app/data/b2c/163538/b8982ah/rialto-ocdm-163538/cmake/FindRialto.cmake from ingest queue
2025-08-26 06:41:32,688 - Knowledge - INFO - Thread kw14 - File FindRialto.cmake - Remaining files in queue: 44
2025-08-26 06:41:32,552 - Knowledge - INFO - adding /app/data/b2c/163538/b8982ah/rialto-ocdm-163538/tests/mocks/OpenCDMSessionMock.h to ingest queue
2025-08-26 06:41:32,788 - Knowledge - INFO - start ingest for /app/data/b2c/163538/b8982ah/rialto-ocdm-163538/cmake/FindRialto.cmake
2025-08-26 06:41:32,957 - Knowledge - INFO - worker kw7 pull /app/data/b2c/163538/b8982ah/rialto-ocdm-163538/docs/index.html from ingest queue
2025-08-26 06:41:32,973 - Knowledge - INFO - Found code-base-name: https://github.com/kavia-common/rialto-ocdm-163538.git:kavia-6.0.0-rc1
2025-08-26 06:41:33,154 - Knowledge - INFO - Thread kw7 - File index.html - Remaining files in queue: 44
2025-08-26 06:41:33,174 - Knowledge - INFO - worker kw16 pull /app/data/b2c/163538/b8982ah/rialto-ocdm-163538/library/include/MediaKeysCapabilitiesBackend.h from ingest queue
2025-08-26 06:41:33,180 - Knowledge - INFO - adding /app/data/b2c/163538/b8982ah/rialto-ocdm-163538/tests/mocks/MediaKeysCapabilitiesMock.h to ingest queue
2025-08-26 06:41:33,289 - Knowledge - INFO - Found code_base: <app.utils.kg_build.knowledge.KnowledgeCodeBase object at 0x7fcd227f53d0>
2025-08-26 06:41:33,379 - Knowledge - INFO - start ingest for /app/data/b2c/163538/b8982ah/rialto-ocdm-163538/docs/index.html
2025-08-26 06:41:33,503 - Knowledge - INFO - Thread kw16 - File MediaKeysCapabilitiesBackend.h - Remaining files in queue: 43
2025-08-26 06:41:33,658 - Knowledge - INFO - worker kw22 pull /app/data/b2c/163538/b8982ah/rialto-ocdm-163538/library/include/OpenCDMSession.h from ingest queue
2025-08-26 06:41:33,790 - Knowledge - INFO - persist ingested knowledge for /app/data/b2c/163538/b8982ah/rialto-ocdm-163538/TERMS.md
2025-08-26 06:41:33,818 - Knowledge - INFO - adding /app/data/b2c/163538/b8982ah/rialto-ocdm-163538/tests/mocks/CMakeLists.txt to ingest queue
2025-08-26 06:41:33,944 - Knowledge - INFO - done ingest for /app/data/b2c/163538/b8982ah/rialto-ocdm-163538/scripts/clang-format/process_clang-format_errors.py
2025-08-26 06:41:33,996 - Knowledge - INFO - done ingest for /app/data/b2c/163538/b8982ah/rialto-ocdm-163538/cmake/googletest.cmake
2025-08-26 06:41:34,039 - Knowledge - INFO - start ingest for /app/data/b2c/163538/b8982ah/rialto-ocdm-163538/library/include/MediaKeysCapabilitiesBackend.h
2025-08-26 06:41:34,211 - Knowledge - INFO - Thread kw22 - File OpenCDMSession.h - Remaining files in queue: 43
2025-08-26 06:41:34,504 - Knowledge - INFO - adding /app/data/b2c/163538/b8982ah/rialto-ocdm-163538/tests/mocks/ControlMock.h to ingest queue
2025-08-26 06:41:34,709 - Knowledge - INFO - process ingested knowledge for /app/data/b2c/163538/b8982ah/rialto-ocdm-163538/scripts/clang-format/process_clang-format_errors.py
2025-08-26 06:41:34,770 - Knowledge - INFO - process ingested knowledge for /app/data/b2c/163538/b8982ah/rialto-ocdm-163538/cmake/googletest.cmake
2025-08-26 06:41:35,074 - Knowledge - INFO - start ingest for /app/data/b2c/163538/b8982ah/rialto-ocdm-163538/library/include/OpenCDMSession.h
2025-08-26 06:41:35,205 - Knowledge - INFO - adding /app/data/b2c/163538/b8982ah/rialto-ocdm-163538/tests/mocks/MessageDispatcherClientMock.h to ingest queue
2025-08-26 06:41:35,236 - Knowledge - INFO - done ingest for /app/data/b2c/163538/b8982ah/rialto-ocdm-163538/cmake/FindRialto.cmake
2025-08-26 06:41:35,730 - Knowledge - INFO - adding /app/data/b2c/163538/b8982ah/rialto-ocdm-163538/tests/mocks/OpenCDMSystemMock.h to ingest queue
2025-08-26 06:41:35,870 - Knowledge - INFO - process ingested knowledge for /app/data/b2c/163538/b8982ah/rialto-ocdm-163538/cmake/FindRialto.cmake
2025-08-26 06:41:35,930 - Knowledge - INFO - done ingest for /app/data/b2c/163538/b8982ah/rialto-ocdm-163538/scripts/valgrind/process_valgrind_results.py
2025-08-26 06:41:35,972 - Knowledge - INFO - Found code-base-name: https://github.com/kavia-common/rialto-ocdm-163538.git:kavia-6.0.0-rc1
2025-08-26 06:41:36,324 - Knowledge - INFO - Found code_base: <app.utils.kg_build.knowledge.KnowledgeCodeBase object at 0x7fcd227f53d0>
2025-08-26 06:41:36,241 - Knowledge - INFO - process ingested knowledge for /app/data/b2c/163538/b8982ah/rialto-ocdm-163538/scripts/valgrind/process_valgrind_results.py
2025-08-26 06:41:35,977 - Knowledge - INFO - adding /app/data/b2c/163538/b8982ah/rialto-ocdm-163538/tests/mocks/OcdmSessionsCallbacksMock.h to ingest queue
2025-08-26 06:41:36,442 - Knowledge - INFO - persist ingested knowledge for /app/data/b2c/163538/b8982ah/rialto-ocdm-163538/CMakeLists.txt
2025-08-26 06:41:36,679 - Knowledge - INFO - adding /app/data/b2c/163538/b8982ah/rialto-ocdm-163538/CONTRIBUTING.md to ingest queue
2025-08-26 06:41:36,737 - Knowledge - INFO - done ingest for /app/data/b2c/163538/b8982ah/rialto-ocdm-163538/docs/index.html
2025-08-26 06:41:36,978 - Knowledge - INFO - process ingested knowledge for /app/data/b2c/163538/b8982ah/rialto-ocdm-163538/docs/index.html
2025-08-26 06:41:36,887 - Knowledge - INFO - adding /app/data/b2c/163538/b8982ah/rialto-ocdm-163538/tests/ut/OpenCdmExtTests.cpp to ingest queue
2025-08-26 06:41:37,167 - Knowledge - INFO - worker kw9 pull /app/data/b2c/163538/b8982ah/rialto-ocdm-163538/library/include/Logger.h from ingest queue
2025-08-26 06:41:37,169 - Knowledge - INFO - worker kw25 pull /app/data/b2c/163538/b8982ah/rialto-ocdm-163538/library/include/OpenCDMSystemPrivate.h from ingest queue
2025-08-26 06:41:37,169 - Knowledge - INFO - adding /app/data/b2c/163538/b8982ah/rialto-ocdm-163538/tests/mocks/MediaKeysClientMock.h to ingest queue
2025-08-26 06:41:37,261 - Knowledge - INFO - Thread kw9 - File Logger.h - Remaining files in queue: 48
2025-08-26 06:41:37,373 - Knowledge - INFO - Thread kw25 - File OpenCDMSystemPrivate.h - Remaining files in queue: 48
2025-08-26 06:41:37,565 - Knowledge - INFO - worker kw18 pull /app/data/b2c/163538/b8982ah/rialto-ocdm-163538/library/include/RialtoGStreamerEMEProtectionMetadata.h from ingest queue
2025-08-26 06:41:37,565 - Knowledge - INFO - adding /app/data/b2c/163538/b8982ah/rialto-ocdm-163538/tests/mocks/MessageDispatcherMock.h to ingest queue
2025-08-26 06:41:37,602 - Knowledge - INFO - start ingest for /app/data/b2c/163538/b8982ah/rialto-ocdm-163538/library/include/Logger.h
2025-08-26 06:41:37,676 - Knowledge - INFO - start ingest for /app/data/b2c/163538/b8982ah/rialto-ocdm-163538/library/include/OpenCDMSystemPrivate.h
2025-08-26 06:41:37,766 - Knowledge - INFO - Thread kw18 - File RialtoGStreamerEMEProtectionMetadata.h - Remaining files in queue: 48
2025-08-26 06:41:38,004 - Knowledge - INFO - worker kw4 pull /app/data/b2c/163538/b8982ah/rialto-ocdm-163538/library/include/OpenCDMSystem.h from ingest queue
2025-08-26 06:41:38,004 - Knowledge - INFO - worker kw19 pull /app/data/b2c/163538/b8982ah/rialto-ocdm-163538/library/include/CdmBackend.h from ingest queue
2025-08-26 06:41:38,004 - Knowledge - INFO - Found code-base-name: https://github.com/kavia-common/rialto-ocdm-163538.git:kavia-6.0.0-rc1
2025-08-26 06:41:38,004 - Knowledge - INFO - worker kw3 pull /app/data/b2c/163538/b8982ah/rialto-ocdm-163538/library/include/MessageDispatcher.h from ingest queue
2025-08-26 06:41:38,004 - Knowledge - INFO - Found code-base-name: https://github.com/kavia-common/rialto-ocdm-163538.git:kavia-6.0.0-rc1
2025-08-26 06:41:38,004 - Knowledge - INFO - worker kw17 pull /app/data/b2c/163538/b8982ah/rialto-ocdm-163538/library/include/OpenCDMSessionPrivate.h from ingest queue
2025-08-26 06:41:38,083 - Knowledge - INFO - Found code-base-name: https://github.com/kavia-common/rialto-ocdm-163538.git:kavia-6.0.0-rc1
2025-08-26 06:41:38,084 - Knowledge - INFO - worker kw5 pull /app/data/b2c/163538/b8982ah/rialto-ocdm-163538/library/include/ICdmBackend.h from ingest queue
2025-08-26 06:41:38,149 - Knowledge - INFO - worker kw24 pull /app/data/b2c/163538/b8982ah/rialto-ocdm-163538/library/CMakeLists.txt from ingest queue
2025-08-26 06:41:39,238 - Knowledge - INFO - Thread kw24 - File CMakeLists.txt - Remaining files in queue: 43
2025-08-26 06:41:38,168 - Knowledge - INFO - start ingest for /app/data/b2c/163538/b8982ah/rialto-ocdm-163538/library/include/RialtoGStreamerEMEProtectionMetadata.h
2025-08-26 06:41:38,274 - Knowledge - INFO - Thread kw4 - File OpenCDMSystem.h - Remaining files in queue: 43
2025-08-26 06:41:39,646 - Knowledge - INFO - start ingest for /app/data/b2c/163538/b8982ah/rialto-ocdm-163538/library/include/OpenCDMSystem.h
2025-08-26 06:41:38,510 - Knowledge - INFO - Found code_base: <app.utils.kg_build.knowledge.KnowledgeCodeBase object at 0x7fcd227f53d0>
2025-08-26 06:41:38,647 - Knowledge - INFO - Thread kw3 - File MessageDispatcher.h - Remaining files in queue: 43
2025-08-26 06:41:38,764 - Knowledge - INFO - Found code_base: <app.utils.kg_build.knowledge.KnowledgeCodeBase object at 0x7fcd227f53d0>
2025-08-26 06:41:38,859 - Knowledge - INFO - Thread kw17 - File OpenCDMSessionPrivate.h - Remaining files in queue: 43
2025-08-26 06:41:38,995 - Knowledge - INFO - Found code_base: <app.utils.kg_build.knowledge.KnowledgeCodeBase object at 0x7fcd227f53d0>
2025-08-26 06:41:40,396 - Knowledge - INFO - persist ingested knowledge for /app/data/b2c/163538/b8982ah/rialto-ocdm-163538/docs/index.html
2025-08-26 06:41:38,149 - Knowledge - INFO - adding /app/data/b2c/163538/b8982ah/rialto-ocdm-163538/CHANGELOG.md to ingest queue
2025-08-26 06:41:39,362 - Knowledge - INFO - start ingest for /app/data/b2c/163538/b8982ah/rialto-ocdm-163538/library/CMakeLists.txt
2025-08-26 06:41:38,386 - Knowledge - INFO - Thread kw19 - File CdmBackend.h - Remaining files in queue: 43
2025-08-26 06:41:39,874 - Knowledge - INFO - persist ingested knowledge for /app/data/b2c/163538/b8982ah/rialto-ocdm-163538/cmake/googletest.cmake
2025-08-26 06:41:40,017 - Knowledge - INFO - start ingest for /app/data/b2c/163538/b8982ah/rialto-ocdm-163538/library/include/MessageDispatcher.h
2025-08-26 06:41:40,134 - Knowledge - INFO - persist ingested knowledge for /app/data/b2c/163538/b8982ah/rialto-ocdm-163538/cmake/FindRialto.cmake
2025-08-26 06:41:40,261 - Knowledge - INFO - start ingest for /app/data/b2c/163538/b8982ah/rialto-ocdm-163538/library/include/OpenCDMSessionPrivate.h
2025-08-26 06:41:40,345 - Knowledge - INFO - done ingest for /app/data/b2c/163538/b8982ah/rialto-ocdm-163538/library/include/MediaKeysCapabilitiesBackend.h
2025-08-26 06:41:39,120 - Knowledge - INFO - Thread kw5 - File ICdmBackend.h - Remaining files in queue: 43
2025-08-26 06:41:40,604 - Knowledge - INFO - Found code-base-name: https://github.com/kavia-common/rialto-ocdm-163538.git:kavia-6.0.0-rc1
2025-08-26 06:41:40,609 - Knowledge - INFO - worker kw8 pull /app/data/b2c/163538/b8982ah/rialto-ocdm-163538/library/include/ActiveSessions.h from ingest queue
2025-08-26 06:41:40,625 - Knowledge - INFO - Found code-base-name: https://github.com/kavia-common/rialto-ocdm-163538.git:kavia-6.0.0-rc1
2025-08-26 06:41:40,638 - Knowledge - INFO - worker kw21 pull /app/data/b2c/163538/b8982ah/rialto-ocdm-163538/library/source/open_cdm.cpp from ingest queue
2025-08-26 06:41:40,640 - Knowledge - INFO - worker kw20 pull /app/data/b2c/163538/b8982ah/rialto-ocdm-163538/library/source/CdmBackend.cpp from ingest queue
2025-08-26 06:41:40,641 - Knowledge - INFO - adding /app/data/b2c/163538/b8982ah/rialto-ocdm-163538/build_ut.py to ingest queue
2025-08-26 06:41:40,704 - Knowledge - INFO - Fast-track processing for simple file: /app/data/b2c/163538/b8982ah/rialto-ocdm-163538/library/CMakeLists.txt
2025-08-26 06:41:40,821 - Knowledge - INFO - start ingest for /app/data/b2c/163538/b8982ah/rialto-ocdm-163538/library/include/CdmBackend.h
2025-08-26 06:41:41,572 - Knowledge - INFO - start ingest for /app/data/b2c/163538/b8982ah/rialto-ocdm-163538/library/include/ICdmBackend.h
2025-08-26 06:41:41,617 - Knowledge - INFO - process ingested knowledge for /app/data/b2c/163538/b8982ah/rialto-ocdm-163538/library/include/MediaKeysCapabilitiesBackend.h
2025-08-26 06:41:41,731 - Knowledge - INFO - Found code_base: <app.utils.kg_build.knowledge.KnowledgeCodeBase object at 0x7fcd227f53d0>
2025-08-26 06:41:41,920 - Knowledge - INFO - Thread kw8 - File ActiveSessions.h - Remaining files in queue: 41
2025-08-26 06:41:42,057 - Knowledge - INFO - Found code_base: <app.utils.kg_build.knowledge.KnowledgeCodeBase object at 0x7fcd227f53d0>
2025-08-26 06:41:42,264 - Knowledge - INFO - Thread kw21 - File open_cdm.cpp - Remaining files in queue: 41
2025-08-26 06:41:42,373 - Knowledge - INFO - Thread kw20 - File CdmBackend.cpp - Remaining files in queue: 41
2025-08-26 06:41:42,610 - Knowledge - INFO - done fast ingest for /app/data/b2c/163538/b8982ah/rialto-ocdm-163538/library/CMakeLists.txt
2025-08-26 06:41:42,991 - Knowledge - INFO - worker kw13 pull /app/data/b2c/163538/b8982ah/rialto-ocdm-163538/library/include/IMessageDispatcher.h from ingest queue
2025-08-26 06:41:43,014 - Knowledge - INFO - worker kw12 pull /app/data/b2c/163538/b8982ah/rialto-ocdm-163538/library/source/OpenCDMSessionPrivate.cpp from ingest queue
2025-08-26 06:41:43,020 - Knowledge - INFO - worker kw11 pull /app/data/b2c/163538/b8982ah/rialto-ocdm-163538/library/source/open_cdm_adapter.cpp from ingest queue
2025-08-26 06:41:43,143 - Knowledge - INFO - persist ingested knowledge for /app/data/b2c/163538/b8982ah/rialto-ocdm-163538/scripts/clang-format/process_clang-format_errors.py
2025-08-26 06:41:43,304 - Knowledge - INFO - start ingest for /app/data/b2c/163538/b8982ah/rialto-ocdm-163538/library/include/ActiveSessions.h
2025-08-26 06:41:43,441 - Knowledge - INFO - worker kw23 pull /app/data/b2c/163538/b8982ah/rialto-ocdm-163538/library/source/RialtoGStreamerEMEProtectionMetadata.cpp from ingest queue
2025-08-26 06:41:44,800 - Knowledge - INFO - Thread kw23 - File RialtoGStreamerEMEProtectionMetadata.cpp - Remaining files in queue: 34
2025-08-26 06:41:43,459 - Knowledge - INFO - worker kw10 pull /app/data/b2c/163538/b8982ah/rialto-ocdm-163538/library/source/ActiveSessions.cpp from ingest queue
2025-08-26 06:41:43,467 - Knowledge - INFO - persist ingested knowledge for /app/data/b2c/163538/b8982ah/rialto-ocdm-163538/scripts/valgrind/process_valgrind_results.py
2025-08-26 06:41:43,468 - Knowledge - INFO - worker kw14 pull /app/data/b2c/163538/b8982ah/rialto-ocdm-163538/library/source/MessageDispatcher.cpp from ingest queue
2025-08-26 06:41:43,475 - Knowledge - INFO - Found code-base-name: https://github.com/kavia-common/rialto-ocdm-163538.git:kavia-6.0.0-rc1
2025-08-26 06:41:43,557 - Knowledge - INFO - start ingest for /app/data/b2c/163538/b8982ah/rialto-ocdm-163538/library/source/open_cdm.cpp
2025-08-26 06:41:43,722 - Knowledge - INFO - start ingest for /app/data/b2c/163538/b8982ah/rialto-ocdm-163538/library/source/CdmBackend.cpp
2025-08-26 06:41:43,879 - Knowledge - INFO - process ingested knowledge for /app/data/b2c/163538/b8982ah/rialto-ocdm-163538/library/CMakeLists.txt
2025-08-26 06:41:43,903 - Knowledge - INFO - worker kw2 pull /app/data/b2c/163538/b8982ah/rialto-ocdm-163538/library/source/Logger.cpp from ingest queue
2025-08-26 06:41:44,022 - Knowledge - INFO - Thread kw13 - File IMessageDispatcher.h - Remaining files in queue: 34
2025-08-26 06:41:44,123 - Knowledge - INFO - Thread kw12 - File OpenCDMSessionPrivate.cpp - Remaining files in queue: 34
2025-08-26 06:41:44,245 - Knowledge - INFO - Thread kw11 - File open_cdm_adapter.cpp - Remaining files in queue: 34
2025-08-26 06:41:44,583 - Knowledge - INFO - done ingest for /app/data/b2c/163538/b8982ah/rialto-ocdm-163538/library/include/OpenCDMSession.h
2025-08-26 06:41:43,449 - Knowledge - INFO - worker kw7 pull /app/data/b2c/163538/b8982ah/rialto-ocdm-163538/library/source/open_cdm_ext.cpp from ingest queue
2025-08-26 06:41:44,941 - Knowledge - INFO - start ingest for /app/data/b2c/163538/b8982ah/rialto-ocdm-163538/library/source/RialtoGStreamerEMEProtectionMetadata.cpp
2025-08-26 06:41:45,102 - Knowledge - INFO - Thread kw10 - File ActiveSessions.cpp - Remaining files in queue: 34
2025-08-26 06:41:45,348 - Knowledge - INFO - Thread kw14 - File MessageDispatcher.cpp - Remaining files in queue: 34
2025-08-26 06:41:45,463 - Knowledge - INFO - Found code_base: <app.utils.kg_build.knowledge.KnowledgeCodeBase object at 0x7fcd227f53d0>
2025-08-26 06:41:46,075 - Knowledge - INFO - Thread kw2 - File Logger.cpp - Remaining files in queue: 34
2025-08-26 06:41:46,172 - Knowledge - INFO - start ingest for /app/data/b2c/163538/b8982ah/rialto-ocdm-163538/library/include/IMessageDispatcher.h
2025-08-26 06:41:46,309 - Knowledge - INFO - start ingest for /app/data/b2c/163538/b8982ah/rialto-ocdm-163538/library/source/OpenCDMSessionPrivate.cpp
2025-08-26 06:41:46,422 - Knowledge - INFO - start ingest for /app/data/b2c/163538/b8982ah/rialto-ocdm-163538/library/source/open_cdm_adapter.cpp
2025-08-26 06:41:46,715 - Knowledge - INFO - process ingested knowledge for /app/data/b2c/163538/b8982ah/rialto-ocdm-163538/library/include/OpenCDMSession.h
2025-08-26 06:41:46,736 - Knowledge - INFO - Thread kw7 - File open_cdm_ext.cpp - Remaining files in queue: 34
2025-08-26 06:41:46,795 - Knowledge - INFO - persist search terms embedding for scripts/clang-format/process_clang-format_errors.py
2025-08-26 06:41:47,017 - Knowledge - INFO - start ingest for /app/data/b2c/163538/b8982ah/rialto-ocdm-163538/library/source/ActiveSessions.cpp
2025-08-26 06:41:47,179 - Knowledge - INFO - start ingest for /app/data/b2c/163538/b8982ah/rialto-ocdm-163538/library/source/MessageDispatcher.cpp
2025-08-26 06:41:47,286 - Knowledge - INFO - persist ingested knowledge for /app/data/b2c/163538/b8982ah/rialto-ocdm-163538/library/include/MediaKeysCapabilitiesBackend.h
2025-08-26 06:41:47,443 - Knowledge - INFO - start ingest for /app/data/b2c/163538/b8982ah/rialto-ocdm-163538/library/source/Logger.cpp
2025-08-26 06:41:48,063 - Knowledge - INFO - start ingest for /app/data/b2c/163538/b8982ah/rialto-ocdm-163538/library/source/open_cdm_ext.cpp
2025-08-26 06:41:49,184 - Knowledge - INFO - done ingest for /app/data/b2c/163538/b8982ah/rialto-ocdm-163538/library/include/OpenCDMSystemPrivate.h
2025-08-26 06:41:49,436 - Knowledge - INFO - persist search terms embedding for scripts/valgrind/process_valgrind_results.py
2025-08-26 06:41:49,444 - Knowledge - INFO - process ingested knowledge for /app/data/b2c/163538/b8982ah/rialto-ocdm-163538/library/include/OpenCDMSystemPrivate.h
2025-08-26 06:41:49,643 - Knowledge - INFO - Found code-base-name: https://github.com/kavia-common/rialto-ocdm-163538.git:kavia-6.0.0-rc1
2025-08-26 06:41:49,648 - Knowledge - INFO - Found code-base-name: https://github.com/kavia-common/rialto-ocdm-163538.git:kavia-6.0.0-rc1
2025-08-26 06:41:49,650 - Knowledge - INFO - worker kw15 pull /app/data/b2c/163538/b8982ah/rialto-ocdm-163538/library/source/OpenCDMSystemPrivate.cpp from ingest queue
2025-08-26 06:41:49,939 - Knowledge - INFO - Found code_base: <app.utils.kg_build.knowledge.KnowledgeCodeBase object at 0x7fcd227f53d0>
2025-08-26 06:41:50,078 - Knowledge - INFO - Found code_base: <app.utils.kg_build.knowledge.KnowledgeCodeBase object at 0x7fcd227f53d0>
2025-08-26 06:41:50,227 - Knowledge - INFO - Thread kw15 - File OpenCDMSystemPrivate.cpp - Remaining files in queue: 33
2025-08-26 06:41:50,332 - Knowledge - INFO - persist ingested knowledge for /app/data/b2c/163538/b8982ah/rialto-ocdm-163538/library/CMakeLists.txt
2025-08-26 06:41:50,471 - Knowledge - INFO - persist ingested knowledge for /app/data/b2c/163538/b8982ah/rialto-ocdm-163538/library/include/OpenCDMSession.h
2025-08-26 06:41:50,583 - Knowledge - INFO - start ingest for /app/data/b2c/163538/b8982ah/rialto-ocdm-163538/library/source/OpenCDMSystemPrivate.cpp
2025-08-26 06:41:50,652 - Knowledge - INFO - done ingest for /app/data/b2c/163538/b8982ah/rialto-ocdm-163538/library/include/Logger.h
2025-08-26 06:41:50,696 - Knowledge - INFO - persist search terms embedding for library/include/MediaKeysCapabilitiesBackend.h
2025-08-26 06:41:51,369 - Knowledge - INFO - worker kw1 pull /app/data/b2c/163538/b8982ah/rialto-ocdm-163538/library/source/MediaKeysCapabilitiesBackend.cpp from ingest queue
2025-08-26 06:41:51,378 - Knowledge - INFO - Found code-base-name: https://github.com/kavia-common/rialto-ocdm-163538.git:kavia-6.0.0-rc1
2025-08-26 06:41:51,382 - Knowledge - INFO - process ingested knowledge for /app/data/b2c/163538/b8982ah/rialto-ocdm-163538/library/include/Logger.h
2025-08-26 06:41:51,493 - Knowledge - INFO - Thread kw1 - File MediaKeysCapabilitiesBackend.cpp - Remaining files in queue: 32
2025-08-26 06:41:51,614 - Knowledge - INFO - Found code_base: <app.utils.kg_build.knowledge.KnowledgeCodeBase object at 0x7fcd227f53d0>
2025-08-26 06:41:51,887 - Knowledge - INFO - start ingest for /app/data/b2c/163538/b8982ah/rialto-ocdm-163538/library/source/MediaKeysCapabilitiesBackend.cpp
2025-08-26 06:41:52,044 - Knowledge - INFO - persist ingested knowledge for /app/data/b2c/163538/b8982ah/rialto-ocdm-163538/library/include/OpenCDMSystemPrivate.h
2025-08-26 06:41:52,538 - Knowledge - INFO - done ingest for /app/data/b2c/163538/b8982ah/rialto-ocdm-163538/library/include/OpenCDMSystem.h
2025-08-26 06:41:52,540 - Knowledge - INFO - persist search terms embedding for library/include/OpenCDMSession.h
2025-08-26 06:41:52,683 - Knowledge - INFO - process ingested knowledge for /app/data/b2c/163538/b8982ah/rialto-ocdm-163538/library/include/OpenCDMSystem.h
2025-08-26 06:41:52,774 - Knowledge - INFO - worker kw16 pull /app/data/b2c/163538/b8982ah/rialto-ocdm-163538/tests/third-party/source/OcdmSessionsCallbacks.cpp from ingest queue
2025-08-26 06:41:53,007 - Knowledge - INFO - Thread kw16 - File OcdmSessionsCallbacks.cpp - Remaining files in queue: 31
2025-08-26 06:41:53,120 - Knowledge - INFO - start ingest for /app/data/b2c/163538/b8982ah/rialto-ocdm-163538/tests/third-party/source/OcdmSessionsCallbacks.cpp
2025-08-26 06:41:53,325 - Knowledge - INFO - done ingest for /app/data/b2c/163538/b8982ah/rialto-ocdm-163538/library/include/RialtoGStreamerEMEProtectionMetadata.h
2025-08-26 06:41:53,472 - Knowledge - INFO - process ingested knowledge for /app/data/b2c/163538/b8982ah/rialto-ocdm-163538/library/include/RialtoGStreamerEMEProtectionMetadata.h
2025-08-26 06:41:53,561 - Knowledge - INFO - persist search terms embedding for library/include/OpenCDMSystemPrivate.h
2025-08-26 06:41:53,668 - Knowledge - INFO - Found code-base-name: https://github.com/kavia-common/rialto-ocdm-163538.git:kavia-6.0.0-rc1
2025-08-26 06:41:53,671 - Knowledge - INFO - Found code-base-name: https://github.com/kavia-common/rialto-ocdm-163538.git:kavia-6.0.0-rc1
2025-08-26 06:41:53,671 - Knowledge - INFO - worker kw24 pull /app/data/b2c/163538/b8982ah/rialto-ocdm-163538/cppcheck_suppressions.xml from ingest queue
2025-08-26 06:41:53,671 - Knowledge - INFO - worker kw22 pull /app/data/b2c/163538/b8982ah/rialto-ocdm-163538/tests/third-party/CMakeLists.txt from ingest queue
2025-08-26 06:41:53,671 - Knowledge - INFO - worker kw25 pull /app/data/b2c/163538/b8982ah/rialto-ocdm-163538/tests/third-party/source/MediaKeysFactory.cpp from ingest queue
2025-08-26 06:41:53,671 - Knowledge - INFO - Found code-base-name: https://github.com/kavia-common/rialto-ocdm-163538.git:kavia-6.0.0-rc1
2025-08-26 06:41:53,764 - Knowledge - INFO - Found code_base: <app.utils.kg_build.knowledge.KnowledgeCodeBase object at 0x7fcd227f53d0>
2025-08-26 06:41:53,845 - Knowledge - INFO - Found code_base: <app.utils.kg_build.knowledge.KnowledgeCodeBase object at 0x7fcd227f53d0>
2025-08-26 06:41:53,970 - Knowledge - INFO - Thread kw24 - File cppcheck_suppressions.xml - Remaining files in queue: 28
2025-08-26 06:41:54,565 - Knowledge - INFO - start ingest for /app/data/b2c/163538/b8982ah/rialto-ocdm-163538/cppcheck_suppressions.xml
2025-08-26 06:41:54,160 - Knowledge - INFO - Thread kw25 - File MediaKeysFactory.cpp - Remaining files in queue: 28
2025-08-26 06:41:54,780 - Knowledge - INFO - start ingest for /app/data/b2c/163538/b8982ah/rialto-ocdm-163538/tests/third-party/source/MediaKeysFactory.cpp
2025-08-26 06:41:54,370 - Knowledge - INFO - persist ingested knowledge for /app/data/b2c/163538/b8982ah/rialto-ocdm-163538/library/include/Logger.h
2025-08-26 06:41:54,456 - Knowledge - INFO - persist ingested knowledge for /app/data/b2c/163538/b8982ah/rialto-ocdm-163538/library/include/OpenCDMSystem.h
2025-08-26 06:41:54,062 - Knowledge - INFO - Thread kw22 - File CMakeLists.txt - Remaining files in queue: 28
2025-08-26 06:41:54,666 - Knowledge - INFO - Fast-track processing for simple file: /app/data/b2c/163538/b8982ah/rialto-ocdm-163538/cppcheck_suppressions.xml
2025-08-26 06:41:55,289 - Knowledge - INFO - done fast ingest for /app/data/b2c/163538/b8982ah/rialto-ocdm-163538/cppcheck_suppressions.xml
2025-08-26 06:41:55,185 - Knowledge - INFO - start ingest for /app/data/b2c/163538/b8982ah/rialto-ocdm-163538/tests/third-party/CMakeLists.txt
2025-08-26 06:41:54,261 - Knowledge - INFO - Found code_base: <app.utils.kg_build.knowledge.KnowledgeCodeBase object at 0x7fcd227f53d0>
2025-08-26 06:41:55,387 - Knowledge - INFO - process ingested knowledge for /app/data/b2c/163538/b8982ah/rialto-ocdm-163538/cppcheck_suppressions.xml
2025-08-26 06:41:55,507 - Knowledge - INFO - persist search terms embedding for library/include/Logger.h
2025-08-26 06:41:55,515 - Knowledge - INFO - Fast-track processing for simple file: /app/data/b2c/163538/b8982ah/rialto-ocdm-163538/tests/third-party/CMakeLists.txt
2025-08-26 06:41:55,632 - Knowledge - INFO - persist ingested knowledge for /app/data/b2c/163538/b8982ah/rialto-ocdm-163538/library/include/RialtoGStreamerEMEProtectionMetadata.h
2025-08-26 06:41:55,923 - Knowledge - INFO - done fast ingest for /app/data/b2c/163538/b8982ah/rialto-ocdm-163538/tests/third-party/CMakeLists.txt
2025-08-26 06:41:56,116 - Knowledge - INFO - process ingested knowledge for /app/data/b2c/163538/b8982ah/rialto-ocdm-163538/tests/third-party/CMakeLists.txt
2025-08-26 06:41:56,445 - Knowledge - INFO - persist search terms embedding for library/include/OpenCDMSystem.h
2025-08-26 06:41:56,580 - Knowledge - INFO - Found code-base-name: https://github.com/kavia-common/rialto-ocdm-163538.git:kavia-6.0.0-rc1
2025-08-26 06:41:56,585 - Knowledge - INFO - worker kw9 pull /app/data/b2c/163538/b8982ah/rialto-ocdm-163538/tests/ut/LoggerTests.cpp from ingest queue
2025-08-26 06:41:56,688 - Knowledge - INFO - Found code_base: <app.utils.kg_build.knowledge.KnowledgeCodeBase object at 0x7fcd227f53d0>
2025-08-26 06:41:56,805 - Knowledge - INFO - Thread kw9 - File LoggerTests.cpp - Remaining files in queue: 27
2025-08-26 06:41:56,896 - Knowledge - INFO - persist ingested knowledge for /app/data/b2c/163538/b8982ah/rialto-ocdm-163538/cppcheck_suppressions.xml
2025-08-26 06:41:57,038 - Knowledge - INFO - start ingest for /app/data/b2c/163538/b8982ah/rialto-ocdm-163538/tests/ut/LoggerTests.cpp
2025-08-26 06:41:57,433 - Knowledge - INFO - persist search terms embedding for library/include/RialtoGStreamerEMEProtectionMetadata.h
2025-08-26 06:41:57,556 - Knowledge - INFO - worker kw4 pull /app/data/b2c/163538/b8982ah/rialto-ocdm-163538/tests/third-party/source/ControlFactory.cpp from ingest queue
2025-08-26 06:41:57,673 - Knowledge - INFO - Thread kw4 - File ControlFactory.cpp - Remaining files in queue: 26
2025-08-26 06:41:57,818 - Knowledge - INFO - start ingest for /app/data/b2c/163538/b8982ah/rialto-ocdm-163538/tests/third-party/source/ControlFactory.cpp
2025-08-26 06:41:58,158 - Knowledge - INFO - worker kw18 pull /app/data/b2c/163538/b8982ah/rialto-ocdm-163538/README.md from ingest queue
2025-08-26 06:41:58,178 - Knowledge - INFO - Found code-base-name: https://github.com/kavia-common/rialto-ocdm-163538.git:kavia-6.0.0-rc1
2025-08-26 06:41:58,185 - Knowledge - INFO - worker kw24 pull /app/data/b2c/163538/b8982ah/rialto-ocdm-163538/tests/third-party/source/MediaKeysCapabilitiesFactory.cpp from ingest queue
2025-08-26 06:41:58,311 - Knowledge - INFO - Thread kw18 - File README.md - Remaining files in queue: 24
2025-08-26 06:41:58,425 - Knowledge - INFO - Found code_base: <app.utils.kg_build.knowledge.KnowledgeCodeBase object at 0x7fcd227f53d0>
2025-08-26 06:41:58,585 - Knowledge - INFO - Thread kw24 - File MediaKeysCapabilitiesFactory.cpp - Remaining files in queue: 24
2025-08-26 06:41:58,762 - Knowledge - INFO - start ingest for /app/data/b2c/163538/b8982ah/rialto-ocdm-163538/README.md
2025-08-26 06:41:58,899 - Knowledge - INFO - persist ingested knowledge for /app/data/b2c/163538/b8982ah/rialto-ocdm-163538/tests/third-party/CMakeLists.txt
2025-08-26 06:41:59,020 - Knowledge - INFO - start ingest for /app/data/b2c/163538/b8982ah/rialto-ocdm-163538/tests/third-party/source/MediaKeysCapabilitiesFactory.cpp
2025-08-26 06:41:59,182 - Knowledge - INFO - Fast-track processing for simple file: /app/data/b2c/163538/b8982ah/rialto-ocdm-163538/README.md
2025-08-26 06:41:59,461 - Knowledge - INFO - done fast ingest for /app/data/b2c/163538/b8982ah/rialto-ocdm-163538/README.md
2025-08-26 06:41:59,585 - Knowledge - INFO - process ingested knowledge for /app/data/b2c/163538/b8982ah/rialto-ocdm-163538/README.md
2025-08-26 06:41:59,790 - Knowledge - INFO - Found code-base-name: https://github.com/kavia-common/rialto-ocdm-163538.git:kavia-6.0.0-rc1
2025-08-26 06:41:59,792 - Knowledge - INFO - worker kw22 pull /app/data/b2c/163538/b8982ah/rialto-ocdm-163538/tests/ut/MediaKeysCapabilitiesBackendTests.cpp from ingest queue
2025-08-26 06:41:59,915 - Knowledge - INFO - Found code_base: <app.utils.kg_build.knowledge.KnowledgeCodeBase object at 0x7fcd227f53d0>
2025-08-26 06:42:00,021 - Knowledge - INFO - Thread kw22 - File MediaKeysCapabilitiesBackendTests.cpp - Remaining files in queue: 23
2025-08-26 06:42:00,141 - Knowledge - INFO - persist ingested knowledge for /app/data/b2c/163538/b8982ah/rialto-ocdm-163538/README.md
2025-08-26 06:42:00,269 - Knowledge - INFO - start ingest for /app/data/b2c/163538/b8982ah/rialto-ocdm-163538/tests/ut/MediaKeysCapabilitiesBackendTests.cpp
2025-08-26 06:42:00,354 - Knowledge - INFO - done ingest for /app/data/b2c/163538/b8982ah/rialto-ocdm-163538/library/include/MessageDispatcher.h
2025-08-26 06:42:00,772 - Knowledge - INFO - worker kw18 pull /app/data/b2c/163538/b8982ah/rialto-ocdm-163538/tests/ut/ActiveSessionsTests.cpp from ingest queue
2025-08-26 06:42:00,896 - Knowledge - INFO - Thread kw18 - File ActiveSessionsTests.cpp - Remaining files in queue: 22
2025-08-26 06:42:00,935 - Knowledge - INFO - process ingested knowledge for /app/data/b2c/163538/b8982ah/rialto-ocdm-163538/library/include/MessageDispatcher.h
2025-08-26 06:42:01,007 - Knowledge - INFO - start ingest for /app/data/b2c/163538/b8982ah/rialto-ocdm-163538/tests/ut/ActiveSessionsTests.cpp
2025-08-26 06:42:01,237 - Knowledge - INFO - Found code-base-name: https://github.com/kavia-common/rialto-ocdm-163538.git:kavia-6.0.0-rc1
2025-08-26 06:42:01,580 - Knowledge - INFO - Found code_base: <app.utils.kg_build.knowledge.KnowledgeCodeBase object at 0x7fcd227f53d0>
2025-08-26 06:42:01,701 - Knowledge - INFO - persist ingested knowledge for /app/data/b2c/163538/b8982ah/rialto-ocdm-163538/library/include/MessageDispatcher.h
2025-08-26 06:42:03,488 - Knowledge - INFO - persist search terms embedding for library/include/MessageDispatcher.h
2025-08-26 06:42:03,606 - Knowledge - INFO - worker kw3 pull /app/data/b2c/163538/b8982ah/rialto-ocdm-163538/tests/ut/OpenCdmTests.cpp from ingest queue
2025-08-26 06:42:03,705 - Knowledge - INFO - Thread kw3 - File OpenCdmTests.cpp - Remaining files in queue: 21
2025-08-26 06:42:03,855 - Knowledge - INFO - start ingest for /app/data/b2c/163538/b8982ah/rialto-ocdm-163538/tests/ut/OpenCdmTests.cpp
2025-08-26 06:42:11,985 - Knowledge - INFO - done ingest for /app/data/b2c/163538/b8982ah/rialto-ocdm-163538/library/include/OpenCDMSessionPrivate.h
2025-08-26 06:42:12,164 - Knowledge - INFO - process ingested knowledge for /app/data/b2c/163538/b8982ah/rialto-ocdm-163538/library/include/OpenCDMSessionPrivate.h
2025-08-26 06:42:12,283 - Knowledge - INFO - Found code-base-name: https://github.com/kavia-common/rialto-ocdm-163538.git:kavia-6.0.0-rc1
2025-08-26 06:42:12,416 - Knowledge - INFO - Found code_base: <app.utils.kg_build.knowledge.KnowledgeCodeBase object at 0x7fcd227f53d0>
2025-08-26 06:42:12,544 - Knowledge - INFO - persist ingested knowledge for /app/data/b2c/163538/b8982ah/rialto-ocdm-163538/library/include/OpenCDMSessionPrivate.h
2025-08-26 06:42:13,340 - Knowledge - INFO - persist search terms embedding for library/include/OpenCDMSessionPrivate.h
2025-08-26 06:42:13,465 - Knowledge - INFO - worker kw17 pull /app/data/b2c/163538/b8982ah/rialto-ocdm-163538/tests/mocks/MediaKeysMock.h from ingest queue
2025-08-26 06:42:13,601 - Knowledge - INFO - Thread kw17 - File MediaKeysMock.h - Remaining files in queue: 20
2025-08-26 06:42:13,702 - Knowledge - INFO - start ingest for /app/data/b2c/163538/b8982ah/rialto-ocdm-163538/tests/mocks/MediaKeysMock.h
2025-08-26 06:42:21,106 - Knowledge - INFO - done ingest for /app/data/b2c/163538/b8982ah/rialto-ocdm-163538/library/include/ICdmBackend.h
2025-08-26 06:42:21,291 - Knowledge - INFO - process ingested knowledge for /app/data/b2c/163538/b8982ah/rialto-ocdm-163538/library/include/ICdmBackend.h
2025-08-26 06:42:21,412 - Knowledge - INFO - Found code-base-name: https://github.com/kavia-common/rialto-ocdm-163538.git:kavia-6.0.0-rc1
2025-08-26 06:42:21,503 - Knowledge - INFO - Found code_base: <app.utils.kg_build.knowledge.KnowledgeCodeBase object at 0x7fcd227f53d0>
2025-08-26 06:42:21,625 - Knowledge - INFO - persist ingested knowledge for /app/data/b2c/163538/b8982ah/rialto-ocdm-163538/library/include/ICdmBackend.h
2025-08-26 06:42:22,452 - Knowledge - INFO - persist search terms embedding for library/include/ICdmBackend.h
2025-08-26 06:42:22,550 - Knowledge - INFO - worker kw5 pull /app/data/b2c/163538/b8982ah/rialto-ocdm-163538/tests/ut/CdmBackendTests.cpp from ingest queue
2025-08-26 06:42:22,664 - Knowledge - INFO - Thread kw5 - File CdmBackendTests.cpp - Remaining files in queue: 19
2025-08-26 06:42:22,779 - Knowledge - INFO - start ingest for /app/data/b2c/163538/b8982ah/rialto-ocdm-163538/tests/ut/CdmBackendTests.cpp
2025-08-26 06:42:31,956 - Knowledge - INFO - done ingest for /app/data/b2c/163538/b8982ah/rialto-ocdm-163538/library/include/CdmBackend.h
2025-08-26 06:42:32,197 - Knowledge - INFO - process ingested knowledge for /app/data/b2c/163538/b8982ah/rialto-ocdm-163538/library/include/CdmBackend.h
2025-08-26 06:42:32,293 - Knowledge - INFO - Found code-base-name: https://github.com/kavia-common/rialto-ocdm-163538.git:kavia-6.0.0-rc1
2025-08-26 06:42:32,403 - Knowledge - INFO - Found code_base: <app.utils.kg_build.knowledge.KnowledgeCodeBase object at 0x7fcd227f53d0>
2025-08-26 06:42:32,512 - Knowledge - INFO - persist ingested knowledge for /app/data/b2c/163538/b8982ah/rialto-ocdm-163538/library/include/CdmBackend.h
2025-08-26 06:42:33,295 - Knowledge - INFO - persist search terms embedding for library/include/CdmBackend.h
2025-08-26 06:42:33,413 - Knowledge - INFO - worker kw19 pull /app/data/b2c/163538/b8982ah/rialto-ocdm-163538/tests/ut/MessageDispatcherTests.cpp from ingest queue
2025-08-26 06:42:33,498 - Knowledge - INFO - Thread kw19 - File MessageDispatcherTests.cpp - Remaining files in queue: 18
2025-08-26 06:42:33,622 - Knowledge - INFO - start ingest for /app/data/b2c/163538/b8982ah/rialto-ocdm-163538/tests/ut/MessageDispatcherTests.cpp
2025-08-26 06:42:35,649 - Knowledge - INFO - done ingest for /app/data/b2c/163538/b8982ah/rialto-ocdm-163538/library/include/IMessageDispatcher.h
2025-08-26 06:42:35,843 - Knowledge - INFO - process ingested knowledge for /app/data/b2c/163538/b8982ah/rialto-ocdm-163538/library/include/IMessageDispatcher.h
2025-08-26 06:42:35,942 - Knowledge - INFO - Found code-base-name: https://github.com/kavia-common/rialto-ocdm-163538.git:kavia-6.0.0-rc1
2025-08-26 06:42:36,032 - Knowledge - INFO - Found code_base: <app.utils.kg_build.knowledge.KnowledgeCodeBase object at 0x7fcd227f53d0>
2025-08-26 06:42:36,192 - Knowledge - INFO - persist ingested knowledge for /app/data/b2c/163538/b8982ah/rialto-ocdm-163538/library/include/IMessageDispatcher.h
2025-08-26 06:42:36,370 - Knowledge - INFO - done ingest for /app/data/b2c/163538/b8982ah/rialto-ocdm-163538/library/include/ActiveSessions.h
2025-08-26 06:42:36,550 - Knowledge - INFO - process ingested knowledge for /app/data/b2c/163538/b8982ah/rialto-ocdm-163538/library/include/ActiveSessions.h
2025-08-26 06:42:36,901 - Knowledge - INFO - persist search terms embedding for library/include/IMessageDispatcher.h
2025-08-26 06:42:37,028 - Knowledge - INFO - Found code-base-name: https://github.com/kavia-common/rialto-ocdm-163538.git:kavia-6.0.0-rc1
2025-08-26 06:42:37,033 - Knowledge - INFO - worker kw13 pull /app/data/b2c/163538/b8982ah/rialto-ocdm-163538/tests/ut/OpenCdmAdapterTests.cpp from ingest queue
2025-08-26 06:42:37,128 - Knowledge - INFO - Found code_base: <app.utils.kg_build.knowledge.KnowledgeCodeBase object at 0x7fcd227f53d0>
2025-08-26 06:42:37,235 - Knowledge - INFO - Thread kw13 - File OpenCdmAdapterTests.cpp - Remaining files in queue: 17
2025-08-26 06:42:37,362 - Knowledge - INFO - persist ingested knowledge for /app/data/b2c/163538/b8982ah/rialto-ocdm-163538/library/include/ActiveSessions.h
2025-08-26 06:42:37,500 - Knowledge - INFO - start ingest for /app/data/b2c/163538/b8982ah/rialto-ocdm-163538/tests/ut/OpenCdmAdapterTests.cpp
2025-08-26 06:42:38,165 - Knowledge - INFO - persist search terms embedding for library/include/ActiveSessions.h
2025-08-26 06:42:38,282 - Knowledge - INFO - worker kw8 pull /app/data/b2c/163538/b8982ah/rialto-ocdm-163538/tests/ut/OpenCdmSessionTests.cpp from ingest queue
2025-08-26 06:42:38,409 - Knowledge - INFO - Thread kw8 - File OpenCdmSessionTests.cpp - Remaining files in queue: 16
2025-08-26 06:42:38,506 - Knowledge - INFO - start ingest for /app/data/b2c/163538/b8982ah/rialto-ocdm-163538/tests/ut/OpenCdmSessionTests.cpp
2025-08-26 06:42:41,728 - Knowledge - ERROR - _ingest_file had exception litellm.APIConnectionError: APIConnectionError: OpenAIException - The server had an error while processing your request. Sorry about that! processing file /app/data/b2c/163538/b8982ah/rialto-ocdm-163538/library/source/open_cdm.cpp
2025-08-26 06:42:41,804 - Knowledge - INFO - done ingest for /app/data/b2c/163538/b8982ah/rialto-ocdm-163538/tests/third-party/source/MediaKeysFactory.cpp
2025-08-26 06:42:41,852 - Knowledge - INFO - done ingest for /app/data/b2c/163538/b8982ah/rialto-ocdm-163538/library/source/open_cdm.cpp
2025-08-26 06:42:42,086 - Knowledge - INFO - process ingested knowledge for /app/data/b2c/163538/b8982ah/rialto-ocdm-163538/tests/third-party/source/MediaKeysFactory.cpp
2025-08-26 06:42:42,188 - Knowledge - INFO - process ingested knowledge for /app/data/b2c/163538/b8982ah/rialto-ocdm-163538/library/source/open_cdm.cpp
2025-08-26 06:42:42,248 - Knowledge - INFO - Found code-base-name: https://github.com/kavia-common/rialto-ocdm-163538.git:kavia-6.0.0-rc1
2025-08-26 06:42:42,355 - Knowledge - INFO - Found code-base-name: https://github.com/kavia-common/rialto-ocdm-163538.git:kavia-6.0.0-rc1
2025-08-26 06:42:42,472 - Knowledge - INFO - Found code_base: <app.utils.kg_build.knowledge.KnowledgeCodeBase object at 0x7fcd227f53d0>
2025-08-26 06:42:42,587 - Knowledge - INFO - Found code_base: <app.utils.kg_build.knowledge.KnowledgeCodeBase object at 0x7fcd227f53d0>
2025-08-26 06:42:42,700 - Knowledge - INFO - persist ingested knowledge for /app/data/b2c/163538/b8982ah/rialto-ocdm-163538/tests/third-party/source/MediaKeysFactory.cpp
2025-08-26 06:42:42,802 - Knowledge - INFO - persist ingested knowledge for /app/data/b2c/163538/b8982ah/rialto-ocdm-163538/library/source/open_cdm.cpp
2025-08-26 06:42:43,718 - Knowledge - INFO - persist search terms embedding for tests/third-party/source/MediaKeysFactory.cpp
2025-08-26 06:42:44,069 - Knowledge - INFO - worker kw25 pull /app/data/b2c/163538/b8982ah/rialto-ocdm-163538/tests/ut/CMakeLists.txt from ingest queue
2025-08-26 06:42:44,070 - Knowledge - INFO - worker kw21 pull /app/data/b2c/163538/b8982ah/rialto-ocdm-163538/tests/mocks/CdmBackendMock.h from ingest queue
2025-08-26 06:42:44,180 - Knowledge - INFO - Thread kw25 - File CMakeLists.txt - Remaining files in queue: 14
2025-08-26 06:42:44,305 - Knowledge - INFO - Thread kw21 - File CdmBackendMock.h - Remaining files in queue: 14
2025-08-26 06:42:44,444 - Knowledge - INFO - start ingest for /app/data/b2c/163538/b8982ah/rialto-ocdm-163538/tests/ut/CMakeLists.txt
2025-08-26 06:42:44,579 - Knowledge - INFO - start ingest for /app/data/b2c/163538/b8982ah/rialto-ocdm-163538/tests/mocks/CdmBackendMock.h
2025-08-26 06:42:44,725 - Knowledge - INFO - Fast-track processing for simple file: /app/data/b2c/163538/b8982ah/rialto-ocdm-163538/tests/ut/CMakeLists.txt
2025-08-26 06:42:44,961 - Knowledge - INFO - done fast ingest for /app/data/b2c/163538/b8982ah/rialto-ocdm-163538/tests/ut/CMakeLists.txt
2025-08-26 06:42:45,097 - Knowledge - INFO - process ingested knowledge for /app/data/b2c/163538/b8982ah/rialto-ocdm-163538/tests/ut/CMakeLists.txt
2025-08-26 06:42:45,177 - Knowledge - INFO - Found code-base-name: https://github.com/kavia-common/rialto-ocdm-163538.git:kavia-6.0.0-rc1
2025-08-26 06:42:45,310 - Knowledge - INFO - Found code_base: <app.utils.kg_build.knowledge.KnowledgeCodeBase object at 0x7fcd227f53d0>
2025-08-26 06:42:45,414 - Knowledge - INFO - persist ingested knowledge for /app/data/b2c/163538/b8982ah/rialto-ocdm-163538/tests/ut/CMakeLists.txt
2025-08-26 06:42:45,764 - Knowledge - INFO - worker kw25 pull /app/data/b2c/163538/b8982ah/rialto-ocdm-163538/tests/ut/OpenCdmSystemTests.cpp from ingest queue
2025-08-26 06:42:45,865 - Knowledge - INFO - Thread kw25 - File OpenCdmSystemTests.cpp - Remaining files in queue: 13
2025-08-26 06:42:45,943 - Knowledge - INFO - start ingest for /app/data/b2c/163538/b8982ah/rialto-ocdm-163538/tests/ut/OpenCdmSystemTests.cpp
2025-08-26 06:42:49,601 - Knowledge - INFO - done ingest for /app/data/b2c/163538/b8982ah/rialto-ocdm-163538/tests/third-party/source/ControlFactory.cpp
2025-08-26 06:42:49,813 - Knowledge - INFO - process ingested knowledge for /app/data/b2c/163538/b8982ah/rialto-ocdm-163538/tests/third-party/source/ControlFactory.cpp
2025-08-26 06:42:49,911 - Knowledge - INFO - Found code-base-name: https://github.com/kavia-common/rialto-ocdm-163538.git:kavia-6.0.0-rc1
2025-08-26 06:42:50,014 - Knowledge - INFO - Found code_base: <app.utils.kg_build.knowledge.KnowledgeCodeBase object at 0x7fcd227f53d0>
2025-08-26 06:42:50,103 - Knowledge - INFO - persist ingested knowledge for /app/data/b2c/163538/b8982ah/rialto-ocdm-163538/tests/third-party/source/ControlFactory.cpp
2025-08-26 06:42:50,996 - Knowledge - INFO - persist search terms embedding for tests/third-party/source/ControlFactory.cpp
2025-08-26 06:42:51,127 - Knowledge - INFO - worker kw4 pull /app/data/b2c/163538/b8982ah/rialto-ocdm-163538/tests/mocks/OpenCDMSessionMock.h from ingest queue
2025-08-26 06:42:51,244 - Knowledge - INFO - Thread kw4 - File OpenCDMSessionMock.h - Remaining files in queue: 12
2025-08-26 06:42:51,339 - Knowledge - INFO - start ingest for /app/data/b2c/163538/b8982ah/rialto-ocdm-163538/tests/mocks/OpenCDMSessionMock.h
2025-08-26 06:42:52,396 - Knowledge - INFO - done ingest for /app/data/b2c/163538/b8982ah/rialto-ocdm-163538/tests/ut/LoggerTests.cpp
2025-08-26 06:42:52,588 - Knowledge - INFO - process ingested knowledge for /app/data/b2c/163538/b8982ah/rialto-ocdm-163538/tests/ut/LoggerTests.cpp
2025-08-26 06:42:52,660 - Knowledge - INFO - done ingest for /app/data/b2c/163538/b8982ah/rialto-ocdm-163538/library/source/RialtoGStreamerEMEProtectionMetadata.cpp
2025-08-26 06:42:52,713 - Knowledge - INFO - Found code-base-name: https://github.com/kavia-common/rialto-ocdm-163538.git:kavia-6.0.0-rc1
2025-08-26 06:42:52,946 - Knowledge - INFO - process ingested knowledge for /app/data/b2c/163538/b8982ah/rialto-ocdm-163538/library/source/RialtoGStreamerEMEProtectionMetadata.cpp
2025-08-26 06:42:53,016 - Knowledge - INFO - Found code_base: <app.utils.kg_build.knowledge.KnowledgeCodeBase object at 0x7fcd227f53d0>
2025-08-26 06:42:53,143 - Knowledge - INFO - Found code-base-name: https://github.com/kavia-common/rialto-ocdm-163538.git:kavia-6.0.0-rc1
2025-08-26 06:42:53,420 - Knowledge - INFO - Found code_base: <app.utils.kg_build.knowledge.KnowledgeCodeBase object at 0x7fcd227f53d0>
2025-08-26 06:42:53,259 - Knowledge - INFO - persist ingested knowledge for /app/data/b2c/163538/b8982ah/rialto-ocdm-163538/tests/ut/LoggerTests.cpp
2025-08-26 06:42:53,535 - Knowledge - INFO - persist ingested knowledge for /app/data/b2c/163538/b8982ah/rialto-ocdm-163538/library/source/RialtoGStreamerEMEProtectionMetadata.cpp
2025-08-26 06:42:54,313 - Knowledge - INFO - persist search terms embedding for tests/ut/LoggerTests.cpp
2025-08-26 06:42:55,054 - Knowledge - INFO - persist search terms embedding for library/source/RialtoGStreamerEMEProtectionMetadata.cpp
2025-08-26 06:42:55,187 - Knowledge - INFO - worker kw9 pull /app/data/b2c/163538/b8982ah/rialto-ocdm-163538/tests/mocks/MediaKeysCapabilitiesMock.h from ingest queue
2025-08-26 06:42:55,193 - Knowledge - INFO - worker kw23 pull /app/data/b2c/163538/b8982ah/rialto-ocdm-163538/tests/mocks/CMakeLists.txt from ingest queue
2025-08-26 06:42:55,305 - Knowledge - INFO - Thread kw9 - File MediaKeysCapabilitiesMock.h - Remaining files in queue: 10
2025-08-26 06:42:55,441 - Knowledge - INFO - Thread kw23 - File CMakeLists.txt - Remaining files in queue: 10
2025-08-26 06:42:55,490 - Knowledge - INFO - done ingest for /app/data/b2c/163538/b8982ah/rialto-ocdm-163538/library/source/ActiveSessions.cpp
2025-08-26 06:42:55,543 - Knowledge - INFO - start ingest for /app/data/b2c/163538/b8982ah/rialto-ocdm-163538/tests/mocks/MediaKeysCapabilitiesMock.h
2025-08-26 06:42:55,625 - Knowledge - INFO - start ingest for /app/data/b2c/163538/b8982ah/rialto-ocdm-163538/tests/mocks/CMakeLists.txt
2025-08-26 06:42:55,786 - Knowledge - INFO - process ingested knowledge for /app/data/b2c/163538/b8982ah/rialto-ocdm-163538/library/source/ActiveSessions.cpp
2025-08-26 06:42:55,994 - Knowledge - INFO - Fast-track processing for simple file: /app/data/b2c/163538/b8982ah/rialto-ocdm-163538/tests/mocks/CMakeLists.txt
2025-08-26 06:42:56,116 - Knowledge - INFO - Found code-base-name: https://github.com/kavia-common/rialto-ocdm-163538.git:kavia-6.0.0-rc1
2025-08-26 06:42:56,246 - Knowledge - INFO - done fast ingest for /app/data/b2c/163538/b8982ah/rialto-ocdm-163538/tests/mocks/CMakeLists.txt
2025-08-26 06:42:56,382 - Knowledge - INFO - Found code_base: <app.utils.kg_build.knowledge.KnowledgeCodeBase object at 0x7fcd227f53d0>
2025-08-26 06:42:56,502 - Knowledge - INFO - process ingested knowledge for /app/data/b2c/163538/b8982ah/rialto-ocdm-163538/tests/mocks/CMakeLists.txt
2025-08-26 06:42:56,705 - Knowledge - INFO - Found code-base-name: https://github.com/kavia-common/rialto-ocdm-163538.git:kavia-6.0.0-rc1
2025-08-26 06:42:56,605 - Knowledge - INFO - persist ingested knowledge for /app/data/b2c/163538/b8982ah/rialto-ocdm-163538/library/source/ActiveSessions.cpp
2025-08-26 06:42:56,786 - Knowledge - INFO - Found code_base: <app.utils.kg_build.knowledge.KnowledgeCodeBase object at 0x7fcd227f53d0>
2025-08-26 06:42:57,063 - Knowledge - INFO - done ingest for /app/data/b2c/163538/b8982ah/rialto-ocdm-163538/library/source/open_cdm_adapter.cpp
2025-08-26 06:42:57,064 - Knowledge - INFO - persist ingested knowledge for /app/data/b2c/163538/b8982ah/rialto-ocdm-163538/tests/mocks/CMakeLists.txt
2025-08-26 06:42:57,263 - Knowledge - INFO - process ingested knowledge for /app/data/b2c/163538/b8982ah/rialto-ocdm-163538/library/source/open_cdm_adapter.cpp
2025-08-26 06:42:57,559 - Knowledge - INFO - persist search terms embedding for library/source/ActiveSessions.cpp
2025-08-26 06:42:58,042 - Knowledge - INFO - Found code-base-name: https://github.com/kavia-common/rialto-ocdm-163538.git:kavia-6.0.0-rc1
2025-08-26 06:42:58,044 - Knowledge - INFO - worker kw10 pull /app/data/b2c/163538/b8982ah/rialto-ocdm-163538/tests/mocks/ControlMock.h from ingest queue
2025-08-26 06:42:58,048 - Knowledge - INFO - worker kw23 pull /app/data/b2c/163538/b8982ah/rialto-ocdm-163538/tests/mocks/MessageDispatcherClientMock.h from ingest queue
2025-08-26 06:42:58,356 - Knowledge - INFO - Thread kw23 - File MessageDispatcherClientMock.h - Remaining files in queue: 8
2025-08-26 06:42:58,236 - Knowledge - INFO - Thread kw10 - File ControlMock.h - Remaining files in queue: 8
2025-08-26 06:42:58,130 - Knowledge - INFO - Found code_base: <app.utils.kg_build.knowledge.KnowledgeCodeBase object at 0x7fcd227f53d0>
2025-08-26 06:42:58,466 - Knowledge - INFO - start ingest for /app/data/b2c/163538/b8982ah/rialto-ocdm-163538/tests/mocks/MessageDispatcherClientMock.h
2025-08-26 06:42:58,566 - Knowledge - INFO - start ingest for /app/data/b2c/163538/b8982ah/rialto-ocdm-163538/tests/mocks/ControlMock.h
2025-08-26 06:42:58,675 - Knowledge - INFO - persist ingested knowledge for /app/data/b2c/163538/b8982ah/rialto-ocdm-163538/library/source/open_cdm_adapter.cpp
2025-08-26 06:42:59,614 - Knowledge - INFO - persist search terms embedding for library/source/open_cdm_adapter.cpp
2025-08-26 06:42:59,716 - Knowledge - INFO - worker kw11 pull /app/data/b2c/163538/b8982ah/rialto-ocdm-163538/tests/mocks/OpenCDMSystemMock.h from ingest queue
2025-08-26 06:42:59,870 - Knowledge - INFO - Thread kw11 - File OpenCDMSystemMock.h - Remaining files in queue: 7
2025-08-26 06:42:59,992 - Knowledge - INFO - start ingest for /app/data/b2c/163538/b8982ah/rialto-ocdm-163538/tests/mocks/OpenCDMSystemMock.h
2025-08-26 06:43:05,924 - Knowledge - INFO - done ingest for /app/data/b2c/163538/b8982ah/rialto-ocdm-163538/tests/third-party/source/MediaKeysCapabilitiesFactory.cpp
2025-08-26 06:43:06,128 - Knowledge - INFO - process ingested knowledge for /app/data/b2c/163538/b8982ah/rialto-ocdm-163538/tests/third-party/source/MediaKeysCapabilitiesFactory.cpp
2025-08-26 06:43:06,257 - Knowledge - INFO - Found code-base-name: https://github.com/kavia-common/rialto-ocdm-163538.git:kavia-6.0.0-rc1
2025-08-26 06:43:06,362 - Knowledge - INFO - Found code_base: <app.utils.kg_build.knowledge.KnowledgeCodeBase object at 0x7fcd227f53d0>
2025-08-26 06:43:06,454 - Knowledge - INFO - persist ingested knowledge for /app/data/b2c/163538/b8982ah/rialto-ocdm-163538/tests/third-party/source/MediaKeysCapabilitiesFactory.cpp
2025-08-26 06:43:07,262 - Knowledge - INFO - persist search terms embedding for tests/third-party/source/MediaKeysCapabilitiesFactory.cpp
2025-08-26 06:43:07,383 - Knowledge - INFO - worker kw24 pull /app/data/b2c/163538/b8982ah/rialto-ocdm-163538/tests/mocks/OcdmSessionsCallbacksMock.h from ingest queue
2025-08-26 06:43:07,489 - Knowledge - INFO - Thread kw24 - File OcdmSessionsCallbacksMock.h - Remaining files in queue: 6
2025-08-26 06:43:07,592 - Knowledge - INFO - start ingest for /app/data/b2c/163538/b8982ah/rialto-ocdm-163538/tests/mocks/OcdmSessionsCallbacksMock.h
2025-08-26 06:43:09,468 - Knowledge - INFO - done ingest for /app/data/b2c/163538/b8982ah/rialto-ocdm-163538/tests/third-party/source/OcdmSessionsCallbacks.cpp
2025-08-26 06:43:09,640 - Knowledge - INFO - process ingested knowledge for /app/data/b2c/163538/b8982ah/rialto-ocdm-163538/tests/third-party/source/OcdmSessionsCallbacks.cpp
2025-08-26 06:43:09,777 - Knowledge - INFO - Found code-base-name: https://github.com/kavia-common/rialto-ocdm-163538.git:kavia-6.0.0-rc1
2025-08-26 06:43:09,871 - Knowledge - INFO - Found code_base: <app.utils.kg_build.knowledge.KnowledgeCodeBase object at 0x7fcd227f53d0>
2025-08-26 06:43:09,957 - Knowledge - INFO - persist ingested knowledge for /app/data/b2c/163538/b8982ah/rialto-ocdm-163538/tests/third-party/source/OcdmSessionsCallbacks.cpp
2025-08-26 06:43:10,711 - Knowledge - INFO - persist search terms embedding for tests/third-party/source/OcdmSessionsCallbacks.cpp
2025-08-26 06:43:10,810 - Knowledge - INFO - worker kw16 pull /app/data/b2c/163538/b8982ah/rialto-ocdm-163538/CONTRIBUTING.md from ingest queue
2025-08-26 06:43:10,887 - Knowledge - INFO - done ingest for /app/data/b2c/163538/b8982ah/rialto-ocdm-163538/library/source/MessageDispatcher.cpp
2025-08-26 06:43:10,913 - Knowledge - INFO - Thread kw16 - File CONTRIBUTING.md - Remaining files in queue: 5
2025-08-26 06:43:11,168 - Knowledge - INFO - start ingest for /app/data/b2c/163538/b8982ah/rialto-ocdm-163538/CONTRIBUTING.md
2025-08-26 06:43:11,081 - Knowledge - INFO - process ingested knowledge for /app/data/b2c/163538/b8982ah/rialto-ocdm-163538/library/source/MessageDispatcher.cpp
2025-08-26 06:43:11,403 - Knowledge - INFO - Found code-base-name: https://github.com/kavia-common/rialto-ocdm-163538.git:kavia-6.0.0-rc1
2025-08-26 06:43:11,307 - Knowledge - INFO - Fast-track processing for simple file: /app/data/b2c/163538/b8982ah/rialto-ocdm-163538/CONTRIBUTING.md
2025-08-26 06:43:11,514 - Knowledge - INFO - Found code_base: <app.utils.kg_build.knowledge.KnowledgeCodeBase object at 0x7fcd227f53d0>
2025-08-26 06:43:11,606 - Knowledge - INFO - done fast ingest for /app/data/b2c/163538/b8982ah/rialto-ocdm-163538/CONTRIBUTING.md
2025-08-26 06:43:11,838 - Knowledge - INFO - process ingested knowledge for /app/data/b2c/163538/b8982ah/rialto-ocdm-163538/CONTRIBUTING.md
2025-08-26 06:43:11,738 - Knowledge - INFO - persist ingested knowledge for /app/data/b2c/163538/b8982ah/rialto-ocdm-163538/library/source/MessageDispatcher.cpp
2025-08-26 06:43:11,987 - Knowledge - INFO - Found code-base-name: https://github.com/kavia-common/rialto-ocdm-163538.git:kavia-6.0.0-rc1
2025-08-26 06:43:12,230 - Knowledge - INFO - Found code_base: <app.utils.kg_build.knowledge.KnowledgeCodeBase object at 0x7fcd227f53d0>
2025-08-26 06:43:12,362 - Knowledge - INFO - persist ingested knowledge for /app/data/b2c/163538/b8982ah/rialto-ocdm-163538/CONTRIBUTING.md
2025-08-26 06:43:12,233 - Knowledge - INFO - done ingest for /app/data/b2c/163538/b8982ah/rialto-ocdm-163538/library/source/MediaKeysCapabilitiesBackend.cpp
2025-08-26 06:43:12,649 - Knowledge - INFO - process ingested knowledge for /app/data/b2c/163538/b8982ah/rialto-ocdm-163538/library/source/MediaKeysCapabilitiesBackend.cpp
2025-08-26 06:43:12,779 - Knowledge - INFO - persist search terms embedding for library/source/MessageDispatcher.cpp
2025-08-26 06:43:13,197 - Knowledge - INFO - worker kw16 pull /app/data/b2c/163538/b8982ah/rialto-ocdm-163538/tests/ut/OpenCdmExtTests.cpp from ingest queue
2025-08-26 06:43:13,212 - Knowledge - INFO - worker kw14 pull /app/data/b2c/163538/b8982ah/rialto-ocdm-163538/tests/mocks/MediaKeysClientMock.h from ingest queue
2025-08-26 06:43:13,219 - Knowledge - INFO - Found code-base-name: https://github.com/kavia-common/rialto-ocdm-163538.git:kavia-6.0.0-rc1
2025-08-26 06:43:13,309 - Knowledge - INFO - Thread kw16 - File OpenCdmExtTests.cpp - Remaining files in queue: 3
2025-08-26 06:43:13,405 - Knowledge - INFO - Thread kw14 - File MediaKeysClientMock.h - Remaining files in queue: 3
2025-08-26 06:43:13,503 - Knowledge - INFO - Found code_base: <app.utils.kg_build.knowledge.KnowledgeCodeBase object at 0x7fcd227f53d0>
2025-08-26 06:43:13,631 - Knowledge - INFO - start ingest for /app/data/b2c/163538/b8982ah/rialto-ocdm-163538/tests/ut/OpenCdmExtTests.cpp
2025-08-26 06:43:13,753 - Knowledge - INFO - start ingest for /app/data/b2c/163538/b8982ah/rialto-ocdm-163538/tests/mocks/MediaKeysClientMock.h
2025-08-26 06:43:13,862 - Knowledge - INFO - persist ingested knowledge for /app/data/b2c/163538/b8982ah/rialto-ocdm-163538/library/source/MediaKeysCapabilitiesBackend.cpp
2025-08-26 06:43:14,958 - Knowledge - INFO - persist search terms embedding for library/source/MediaKeysCapabilitiesBackend.cpp
2025-08-26 06:43:15,078 - Knowledge - INFO - worker kw1 pull /app/data/b2c/163538/b8982ah/rialto-ocdm-163538/tests/mocks/MessageDispatcherMock.h from ingest queue
2025-08-26 06:43:15,206 - Knowledge - INFO - Thread kw1 - File MessageDispatcherMock.h - Remaining files in queue: 2
2025-08-26 06:43:15,312 - Knowledge - INFO - start ingest for /app/data/b2c/163538/b8982ah/rialto-ocdm-163538/tests/mocks/MessageDispatcherMock.h
2025-08-26 06:43:18,055 - Knowledge - INFO - done ingest for /app/data/b2c/163538/b8982ah/rialto-ocdm-163538/tests/ut/MediaKeysCapabilitiesBackendTests.cpp
2025-08-26 06:43:18,139 - Knowledge - ERROR - _service_ingest_queue had exception  for file /app/data/b2c/163538/b8982ah/rialto-ocdm-163538/scripts/cpplint/cpplint.py
Traceback (most recent call last):
  File "/usr/local/lib/python3.11/asyncio/tasks.py", line 500, in wait_for
    return fut.result()
           ^^^^^^^^^^^^
  File "/app/app/utils/kg_build/knowledge.py", line 1723, in _ingest_file
    response = await llm.llm_interaction_wrapper(
               ^^^^^^^^^^^^^^^^^^^^^^^^^^^^^^^^^^
  File "/usr/local/lib/python3.11/site-packages/llm_wrapper/core/llm_interface.py", line 341, in llm_interaction_wrapper
    completion = await invoke_llm()
                 ^^^^^^^^^^^^^^^^^^
  File "/usr/local/lib/python3.11/site-packages/llm_wrapper/core/llm_interface.py", line 287, in invoke_llm
    return await loop.run_in_executor(None, blocking_call_wrapper)
           ^^^^^^^^^^^^^^^^^^^^^^^^^^^^^^^^^^^^^^^^^^^^^^^^^^^^^^^
asyncio.exceptions.CancelledError

The above exception was the direct cause of the following exception:

Traceback (most recent call last):
  File "/app/app/utils/kg_build/knowledge.py", line 324, in _service_ingest_queue
    file_info = self.loop_worker.run_until_complete(asyncio.wait_for( knowledge._ingest_file(filename, self.mongo_handler), knowledge.timeout))
                ^^^^^^^^^^^^^^^^^^^^^^^^^^^^^^^^^^^^^^^^^^^^^^^^^^^^^^^^^^^^^^^^^^^^^^^^^^^^^^^^^^^^^^^^^^^^^^^^^^^^^^^^^^^^^^^^^^^^^^^^^^^^^^^
  File "/usr/local/lib/python3.11/asyncio/base_events.py", line 654, in run_until_complete
    return future.result()
           ^^^^^^^^^^^^^^^
  File "/usr/local/lib/python3.11/asyncio/tasks.py", line 502, in wait_for
    raise exceptions.TimeoutError() from exc
TimeoutError
2025-08-26 06:43:18,202 - Knowledge - INFO - process ingested knowledge for /app/data/b2c/163538/b8982ah/rialto-ocdm-163538/tests/ut/MediaKeysCapabilitiesBackendTests.cpp
2025-08-26 06:43:18,414 - Knowledge - INFO - process ingested knowledge for /app/data/b2c/163538/b8982ah/rialto-ocdm-163538/scripts/cpplint/cpplint.py
2025-08-26 06:43:18,459 - Knowledge - INFO - Found code-base-name: https://github.com/kavia-common/rialto-ocdm-163538.git:kavia-6.0.0-rc1
2025-08-26 06:43:18,608 - Knowledge - INFO - Found code-base-name: https://github.com/kavia-common/rialto-ocdm-163538.git:kavia-6.0.0-rc1
2025-08-26 06:43:18,853 - Knowledge - INFO - Found code_base: <app.utils.kg_build.knowledge.KnowledgeCodeBase object at 0x7fcd227f53d0>
2025-08-26 06:43:18,932 - Knowledge - INFO - persist ingested knowledge for /app/data/b2c/163538/b8982ah/rialto-ocdm-163538/scripts/cpplint/cpplint.py
2025-08-26 06:43:18,759 - Knowledge - INFO - Found code_base: <app.utils.kg_build.knowledge.KnowledgeCodeBase object at 0x7fcd227f53d0>
2025-08-26 06:43:19,136 - Knowledge - INFO - persist ingested knowledge for /app/data/b2c/163538/b8982ah/rialto-ocdm-163538/tests/ut/MediaKeysCapabilitiesBackendTests.cpp
2025-08-26 06:43:19,179 - Knowledge - INFO - worker kw6 pull /app/data/b2c/163538/b8982ah/rialto-ocdm-163538/CHANGELOG.md from ingest queue
2025-08-26 06:43:19,391 - Knowledge - INFO - Thread kw6 - File CHANGELOG.md - Remaining files in queue: 1
2025-08-26 06:43:19,501 - Knowledge - INFO - start ingest for /app/data/b2c/163538/b8982ah/rialto-ocdm-163538/CHANGELOG.md
2025-08-26 06:43:19,668 - Knowledge - INFO - Fast-track processing for simple file: /app/data/b2c/163538/b8982ah/rialto-ocdm-163538/CHANGELOG.md
2025-08-26 06:43:19,795 - Knowledge - INFO - done fast ingest for /app/data/b2c/163538/b8982ah/rialto-ocdm-163538/CHANGELOG.md
2025-08-26 06:43:19,853 - Knowledge - INFO - persist search terms embedding for tests/ut/MediaKeysCapabilitiesBackendTests.cpp
2025-08-26 06:43:19,901 - Knowledge - INFO - process ingested knowledge for /app/data/b2c/163538/b8982ah/rialto-ocdm-163538/CHANGELOG.md
2025-08-26 06:43:19,992 - Knowledge - INFO - worker kw22 pull /app/data/b2c/163538/b8982ah/rialto-ocdm-163538/build_ut.py from ingest queue
2025-08-26 06:43:20,112 - Knowledge - INFO - Found code-base-name: https://github.com/kavia-common/rialto-ocdm-163538.git:kavia-6.0.0-rc1
2025-08-26 06:43:20,233 - Knowledge - INFO - Thread kw22 - File build_ut.py - Remaining files in queue: 0
2025-08-26 06:43:20,433 - Knowledge - INFO - start ingest for /app/data/b2c/163538/b8982ah/rialto-ocdm-163538/build_ut.py
2025-08-26 06:43:20,347 - Knowledge - INFO - Found code_base: <app.utils.kg_build.knowledge.KnowledgeCodeBase object at 0x7fcd227f53d0>
2025-08-26 06:43:20,630 - Knowledge - INFO - persist ingested knowledge for /app/data/b2c/163538/b8982ah/rialto-ocdm-163538/CHANGELOG.md
2025-08-26 06:43:22,627 - Knowledge - INFO - done ingest for /app/data/b2c/163538/b8982ah/rialto-ocdm-163538/tests/mocks/MessageDispatcherClientMock.h
2025-08-26 06:43:22,743 - Knowledge - INFO - done ingest for /app/data/b2c/163538/b8982ah/rialto-ocdm-163538/tests/ut/ActiveSessionsTests.cpp
2025-08-26 06:43:22,906 - Knowledge - INFO - process ingested knowledge for /app/data/b2c/163538/b8982ah/rialto-ocdm-163538/tests/mocks/MessageDispatcherClientMock.h
2025-08-26 06:43:23,102 - Knowledge - INFO - Found code-base-name: https://github.com/kavia-common/rialto-ocdm-163538.git:kavia-6.0.0-rc1
2025-08-26 06:43:23,162 - Knowledge - INFO - process ingested knowledge for /app/data/b2c/163538/b8982ah/rialto-ocdm-163538/tests/ut/ActiveSessionsTests.cpp
2025-08-26 06:43:23,437 - Knowledge - INFO - Found code-base-name: https://github.com/kavia-common/rialto-ocdm-163538.git:kavia-6.0.0-rc1
2025-08-26 06:43:23,233 - Knowledge - INFO - Found code_base: <app.utils.kg_build.knowledge.KnowledgeCodeBase object at 0x7fcd227f53d0>
2025-08-26 06:43:23,669 - Knowledge - INFO - persist ingested knowledge for /app/data/b2c/163538/b8982ah/rialto-ocdm-163538/tests/mocks/MessageDispatcherClientMock.h
2025-08-26 06:43:23,549 - Knowledge - INFO - Found code_base: <app.utils.kg_build.knowledge.KnowledgeCodeBase object at 0x7fcd227f53d0>
2025-08-26 06:43:23,986 - Knowledge - INFO - persist ingested knowledge for /app/data/b2c/163538/b8982ah/rialto-ocdm-163538/tests/ut/ActiveSessionsTests.cpp
2025-08-26 06:43:24,517 - Knowledge - INFO - persist search terms embedding for tests/mocks/MessageDispatcherClientMock.h
2025-08-26 06:43:25,198 - Knowledge - INFO - persist search terms embedding for tests/ut/ActiveSessionsTests.cpp
2025-08-26 06:43:36,468 - Knowledge - INFO - done ingest for /app/data/b2c/163538/b8982ah/rialto-ocdm-163538/tests/ut/MessageDispatcherTests.cpp
2025-08-26 06:43:36,628 - Knowledge - INFO - process ingested knowledge for /app/data/b2c/163538/b8982ah/rialto-ocdm-163538/tests/ut/MessageDispatcherTests.cpp
2025-08-26 06:43:36,775 - Knowledge - INFO - Found code-base-name: https://github.com/kavia-common/rialto-ocdm-163538.git:kavia-6.0.0-rc1
2025-08-26 06:43:36,906 - Knowledge - INFO - Found code_base: <app.utils.kg_build.knowledge.KnowledgeCodeBase object at 0x7fcd227f53d0>
2025-08-26 06:43:37,037 - Knowledge - INFO - persist ingested knowledge for /app/data/b2c/163538/b8982ah/rialto-ocdm-163538/tests/ut/MessageDispatcherTests.cpp
2025-08-26 06:43:37,041 - Knowledge - INFO - done ingest for /app/data/b2c/163538/b8982ah/rialto-ocdm-163538/tests/ut/OpenCdmAdapterTests.cpp
2025-08-26 06:43:37,258 - Knowledge - INFO - process ingested knowledge for /app/data/b2c/163538/b8982ah/rialto-ocdm-163538/tests/ut/OpenCdmAdapterTests.cpp
2025-08-26 06:43:37,931 - Knowledge - INFO - persist search terms embedding for tests/ut/MessageDispatcherTests.cpp
2025-08-26 06:43:38,086 - Knowledge - INFO - Found code-base-name: https://github.com/kavia-common/rialto-ocdm-163538.git:kavia-6.0.0-rc1
2025-08-26 06:43:38,198 - Knowledge - INFO - Found code_base: <app.utils.kg_build.knowledge.KnowledgeCodeBase object at 0x7fcd227f53d0>
2025-08-26 06:43:38,307 - Knowledge - INFO - persist ingested knowledge for /app/data/b2c/163538/b8982ah/rialto-ocdm-163538/tests/ut/OpenCdmAdapterTests.cpp
2025-08-26 06:43:39,102 - Knowledge - INFO - persist search terms embedding for tests/ut/OpenCdmAdapterTests.cpp
2025-08-26 06:43:47,063 - Knowledge - INFO - done ingest for /app/data/b2c/163538/b8982ah/rialto-ocdm-163538/tests/mocks/MediaKeysCapabilitiesMock.h
2025-08-26 06:43:47,247 - Knowledge - INFO - process ingested knowledge for /app/data/b2c/163538/b8982ah/rialto-ocdm-163538/tests/mocks/MediaKeysCapabilitiesMock.h
2025-08-26 06:43:47,390 - Knowledge - INFO - Found code-base-name: https://github.com/kavia-common/rialto-ocdm-163538.git:kavia-6.0.0-rc1
2025-08-26 06:43:47,514 - Knowledge - INFO - Found code_base: <app.utils.kg_build.knowledge.KnowledgeCodeBase object at 0x7fcd227f53d0>
2025-08-26 06:43:47,666 - Knowledge - INFO - persist ingested knowledge for /app/data/b2c/163538/b8982ah/rialto-ocdm-163538/tests/mocks/MediaKeysCapabilitiesMock.h
2025-08-26 06:43:48,074 - Knowledge - INFO - done ingest for /app/data/b2c/163538/b8982ah/rialto-ocdm-163538/tests/mocks/MessageDispatcherMock.h
2025-08-26 06:43:48,213 - Knowledge - INFO - process ingested knowledge for /app/data/b2c/163538/b8982ah/rialto-ocdm-163538/tests/mocks/MessageDispatcherMock.h
2025-08-26 06:43:48,331 - Knowledge - INFO - done ingest for /app/data/b2c/163538/b8982ah/rialto-ocdm-163538/tests/mocks/ControlMock.h
2025-08-26 06:43:48,518 - Knowledge - INFO - process ingested knowledge for /app/data/b2c/163538/b8982ah/rialto-ocdm-163538/tests/mocks/ControlMock.h
2025-08-26 06:43:48,876 - Knowledge - INFO - persist search terms embedding for tests/mocks/MediaKeysCapabilitiesMock.h
2025-08-26 06:43:49,051 - Knowledge - INFO - Found code-base-name: https://github.com/kavia-common/rialto-ocdm-163538.git:kavia-6.0.0-rc1
2025-08-26 06:43:49,146 - Knowledge - INFO - Found code_base: <app.utils.kg_build.knowledge.KnowledgeCodeBase object at 0x7fcd227f53d0>
2025-08-26 06:43:49,058 - Knowledge - INFO - Found code-base-name: https://github.com/kavia-common/rialto-ocdm-163538.git:kavia-6.0.0-rc1
2025-08-26 06:43:49,259 - Knowledge - INFO - persist ingested knowledge for /app/data/b2c/163538/b8982ah/rialto-ocdm-163538/tests/mocks/ControlMock.h
2025-08-26 06:43:49,375 - Knowledge - INFO - Found code_base: <app.utils.kg_build.knowledge.KnowledgeCodeBase object at 0x7fcd227f53d0>
2025-08-26 06:43:49,612 - Knowledge - INFO - persist ingested knowledge for /app/data/b2c/163538/b8982ah/rialto-ocdm-163538/tests/mocks/MessageDispatcherMock.h
2025-08-26 06:43:49,644 - Knowledge - INFO - done ingest for /app/data/b2c/163538/b8982ah/rialto-ocdm-163538/tests/mocks/OcdmSessionsCallbacksMock.h
2025-08-26 06:43:49,877 - Knowledge - INFO - process ingested knowledge for /app/data/b2c/163538/b8982ah/rialto-ocdm-163538/tests/mocks/OcdmSessionsCallbacksMock.h
2025-08-26 06:43:50,283 - Knowledge - INFO - persist search terms embedding for tests/mocks/ControlMock.h
2025-08-26 06:43:50,951 - Knowledge - INFO - done ingest for /app/data/b2c/163538/b8982ah/rialto-ocdm-163538/tests/mocks/MediaKeysClientMock.h
2025-08-26 06:43:51,154 - Knowledge - INFO - persist search terms embedding for tests/mocks/MessageDispatcherMock.h
2025-08-26 06:43:51,221 - Knowledge - INFO - process ingested knowledge for /app/data/b2c/163538/b8982ah/rialto-ocdm-163538/tests/mocks/MediaKeysClientMock.h
2025-08-26 06:43:51,296 - Knowledge - INFO - done ingest for /app/data/b2c/163538/b8982ah/rialto-ocdm-163538/library/source/Logger.cpp
2025-08-26 06:43:51,338 - Knowledge - INFO - Found code-base-name: https://github.com/kavia-common/rialto-ocdm-163538.git:kavia-6.0.0-rc1
2025-08-26 06:43:51,434 - Knowledge - INFO - Found code-base-name: https://github.com/kavia-common/rialto-ocdm-163538.git:kavia-6.0.0-rc1
2025-08-26 06:43:51,589 - Knowledge - INFO - process ingested knowledge for /app/data/b2c/163538/b8982ah/rialto-ocdm-163538/library/source/Logger.cpp
2025-08-26 06:43:51,620 - Knowledge - INFO - Found code_base: <app.utils.kg_build.knowledge.KnowledgeCodeBase object at 0x7fcd227f53d0>
2025-08-26 06:43:51,734 - Knowledge - INFO - Found code_base: <app.utils.kg_build.knowledge.KnowledgeCodeBase object at 0x7fcd227f53d0>
2025-08-26 06:43:51,938 - Knowledge - INFO - persist ingested knowledge for /app/data/b2c/163538/b8982ah/rialto-ocdm-163538/tests/mocks/OcdmSessionsCallbacksMock.h
2025-08-26 06:43:51,941 - Knowledge - INFO - Found code-base-name: https://github.com/kavia-common/rialto-ocdm-163538.git:kavia-6.0.0-rc1
2025-08-26 06:43:52,030 - Knowledge - INFO - persist ingested knowledge for /app/data/b2c/163538/b8982ah/rialto-ocdm-163538/tests/mocks/MediaKeysClientMock.h
2025-08-26 06:43:52,264 - Knowledge - INFO - Found code_base: <app.utils.kg_build.knowledge.KnowledgeCodeBase object at 0x7fcd227f53d0>
2025-08-26 06:43:52,591 - Knowledge - INFO - persist ingested knowledge for /app/data/b2c/163538/b8982ah/rialto-ocdm-163538/library/source/Logger.cpp
2025-08-26 06:43:52,748 - Knowledge - INFO - done ingest for /app/data/b2c/163538/b8982ah/rialto-ocdm-163538/library/source/OpenCDMSystemPrivate.cpp
2025-08-26 06:43:52,892 - Knowledge - INFO - process ingested knowledge for /app/data/b2c/163538/b8982ah/rialto-ocdm-163538/library/source/OpenCDMSystemPrivate.cpp
2025-08-26 06:43:53,042 - Knowledge - INFO - persist search terms embedding for tests/mocks/OcdmSessionsCallbacksMock.h
2025-08-26 06:43:53,796 - Knowledge - INFO - persist search terms embedding for tests/mocks/MediaKeysClientMock.h
2025-08-26 06:43:53,887 - Knowledge - INFO - Found code-base-name: https://github.com/kavia-common/rialto-ocdm-163538.git:kavia-6.0.0-rc1
2025-08-26 06:43:54,006 - Knowledge - INFO - Found code_base: <app.utils.kg_build.knowledge.KnowledgeCodeBase object at 0x7fcd227f53d0>
2025-08-26 06:43:54,098 - Knowledge - INFO - persist ingested knowledge for /app/data/b2c/163538/b8982ah/rialto-ocdm-163538/library/source/OpenCDMSystemPrivate.cpp
2025-08-26 06:43:54,583 - Knowledge - INFO - persist search terms embedding for library/source/Logger.cpp
2025-08-26 06:43:55,408 - Knowledge - INFO - persist search terms embedding for library/source/OpenCDMSystemPrivate.cpp
2025-08-26 06:43:56,048 - Knowledge - INFO - done ingest for /app/data/b2c/163538/b8982ah/rialto-ocdm-163538/tests/mocks/OpenCDMSystemMock.h
2025-08-26 06:43:56,288 - Knowledge - INFO - process ingested knowledge for /app/data/b2c/163538/b8982ah/rialto-ocdm-163538/tests/mocks/OpenCDMSystemMock.h
2025-08-26 06:43:56,438 - Knowledge - INFO - Found code-base-name: https://github.com/kavia-common/rialto-ocdm-163538.git:kavia-6.0.0-rc1
2025-08-26 06:43:56,553 - Knowledge - INFO - Found code_base: <app.utils.kg_build.knowledge.KnowledgeCodeBase object at 0x7fcd227f53d0>
2025-08-26 06:43:56,676 - Knowledge - INFO - persist ingested knowledge for /app/data/b2c/163538/b8982ah/rialto-ocdm-163538/tests/mocks/OpenCDMSystemMock.h
2025-08-26 06:43:57,426 - Knowledge - INFO - persist search terms embedding for tests/mocks/OpenCDMSystemMock.h
2025-08-26 06:43:59,129 - Knowledge - INFO - done ingest for /app/data/b2c/163538/b8982ah/rialto-ocdm-163538/tests/mocks/CdmBackendMock.h
2025-08-26 06:43:59,323 - Knowledge - INFO - process ingested knowledge for /app/data/b2c/163538/b8982ah/rialto-ocdm-163538/tests/mocks/CdmBackendMock.h
2025-08-26 06:43:59,464 - Knowledge - INFO - Found code-base-name: https://github.com/kavia-common/rialto-ocdm-163538.git:kavia-6.0.0-rc1
2025-08-26 06:43:59,568 - Knowledge - INFO - Found code_base: <app.utils.kg_build.knowledge.KnowledgeCodeBase object at 0x7fcd227f53d0>
2025-08-26 06:43:59,671 - Knowledge - INFO - persist ingested knowledge for /app/data/b2c/163538/b8982ah/rialto-ocdm-163538/tests/mocks/CdmBackendMock.h
2025-08-26 06:44:00,400 - Knowledge - INFO - done ingest for /app/data/b2c/163538/b8982ah/rialto-ocdm-163538/tests/mocks/MediaKeysMock.h
2025-08-26 06:44:00,477 - Knowledge - INFO - persist search terms embedding for tests/mocks/CdmBackendMock.h
2025-08-26 06:44:00,696 - Knowledge - INFO - process ingested knowledge for /app/data/b2c/163538/b8982ah/rialto-ocdm-163538/tests/mocks/MediaKeysMock.h
2025-08-26 06:44:00,871 - Knowledge - INFO - done ingest for /app/data/b2c/163538/b8982ah/rialto-ocdm-163538/tests/ut/OpenCdmSystemTests.cpp
2025-08-26 06:44:00,931 - Knowledge - INFO - Found code-base-name: https://github.com/kavia-common/rialto-ocdm-163538.git:kavia-6.0.0-rc1
2025-08-26 06:44:01,094 - Knowledge - INFO - Found code_base: <app.utils.kg_build.knowledge.KnowledgeCodeBase object at 0x7fcd227f53d0>
2025-08-26 06:44:01,101 - Knowledge - INFO - process ingested knowledge for /app/data/b2c/163538/b8982ah/rialto-ocdm-163538/tests/ut/OpenCdmSystemTests.cpp
2025-08-26 06:44:01,191 - Knowledge - INFO - persist ingested knowledge for /app/data/b2c/163538/b8982ah/rialto-ocdm-163538/tests/mocks/MediaKeysMock.h
2025-08-26 06:44:01,383 - Knowledge - INFO - Found code-base-name: https://github.com/kavia-common/rialto-ocdm-163538.git:kavia-6.0.0-rc1
2025-08-26 06:44:01,537 - Knowledge - INFO - Found code_base: <app.utils.kg_build.knowledge.KnowledgeCodeBase object at 0x7fcd227f53d0>
2025-08-26 06:44:01,634 - Knowledge - INFO - persist ingested knowledge for /app/data/b2c/163538/b8982ah/rialto-ocdm-163538/tests/ut/OpenCdmSystemTests.cpp
2025-08-26 06:44:02,064 - Knowledge - INFO - persist search terms embedding for tests/mocks/MediaKeysMock.h
2025-08-26 06:44:02,836 - Knowledge - INFO - persist search terms embedding for tests/ut/OpenCdmSystemTests.cpp
2025-08-26 06:44:03,175 - Knowledge - INFO - done ingest for /app/data/b2c/163538/b8982ah/rialto-ocdm-163538/build_ut.py
2025-08-26 06:44:03,339 - Knowledge - INFO - process ingested knowledge for /app/data/b2c/163538/b8982ah/rialto-ocdm-163538/build_ut.py
2025-08-26 06:44:03,558 - Knowledge - INFO - Found code-base-name: https://github.com/kavia-common/rialto-ocdm-163538.git:kavia-6.0.0-rc1
2025-08-26 06:44:03,642 - Knowledge - INFO - Found code_base: <app.utils.kg_build.knowledge.KnowledgeCodeBase object at 0x7fcd227f53d0>
2025-08-26 06:44:03,724 - Knowledge - INFO - persist ingested knowledge for /app/data/b2c/163538/b8982ah/rialto-ocdm-163538/build_ut.py
2025-08-26 06:44:04,586 - Knowledge - INFO - done ingest for /app/data/b2c/163538/b8982ah/rialto-ocdm-163538/tests/ut/CdmBackendTests.cpp
2025-08-26 06:44:04,636 - Knowledge - INFO - persist search terms embedding for build_ut.py
2025-08-26 06:44:04,721 - Knowledge - INFO - process ingested knowledge for /app/data/b2c/163538/b8982ah/rialto-ocdm-163538/tests/ut/CdmBackendTests.cpp
2025-08-26 06:44:04,987 - Knowledge - INFO - Found code-base-name: https://github.com/kavia-common/rialto-ocdm-163538.git:kavia-6.0.0-rc1
2025-08-26 06:44:05,112 - Knowledge - INFO - Found code_base: <app.utils.kg_build.knowledge.KnowledgeCodeBase object at 0x7fcd227f53d0>
2025-08-26 06:44:05,252 - Knowledge - INFO - persist ingested knowledge for /app/data/b2c/163538/b8982ah/rialto-ocdm-163538/tests/ut/CdmBackendTests.cpp
2025-08-26 06:44:05,930 - Knowledge - INFO - persist search terms embedding for tests/ut/CdmBackendTests.cpp
2025-08-26 06:44:07,927 - Knowledge - INFO - done ingest for /app/data/b2c/163538/b8982ah/rialto-ocdm-163538/library/source/open_cdm_ext.cpp
2025-08-26 06:44:08,139 - Knowledge - INFO - process ingested knowledge for /app/data/b2c/163538/b8982ah/rialto-ocdm-163538/library/source/open_cdm_ext.cpp
2025-08-26 06:44:08,348 - Knowledge - INFO - Found code-base-name: https://github.com/kavia-common/rialto-ocdm-163538.git:kavia-6.0.0-rc1
2025-08-26 06:44:08,476 - Knowledge - INFO - Found code_base: <app.utils.kg_build.knowledge.KnowledgeCodeBase object at 0x7fcd227f53d0>
2025-08-26 06:44:08,606 - Knowledge - INFO - persist ingested knowledge for /app/data/b2c/163538/b8982ah/rialto-ocdm-163538/library/source/open_cdm_ext.cpp
2025-08-26 06:44:09,618 - Knowledge - INFO - persist search terms embedding for library/source/open_cdm_ext.cpp
2025-08-26 06:44:10,427 - Knowledge - INFO - done ingest for /app/data/b2c/163538/b8982ah/rialto-ocdm-163538/library/source/CdmBackend.cpp
2025-08-26 06:44:10,456 - Knowledge - INFO - done ingest for /app/data/b2c/163538/b8982ah/rialto-ocdm-163538/tests/mocks/OpenCDMSessionMock.h
2025-08-26 06:44:10,553 - Knowledge - INFO - process ingested knowledge for /app/data/b2c/163538/b8982ah/rialto-ocdm-163538/library/source/CdmBackend.cpp
2025-08-26 06:44:10,672 - Knowledge - INFO - process ingested knowledge for /app/data/b2c/163538/b8982ah/rialto-ocdm-163538/tests/mocks/OpenCDMSessionMock.h
2025-08-26 06:44:10,742 - Knowledge - INFO - Found code-base-name: https://github.com/kavia-common/rialto-ocdm-163538.git:kavia-6.0.0-rc1
2025-08-26 06:44:10,835 - Knowledge - INFO - Found code-base-name: https://github.com/kavia-common/rialto-ocdm-163538.git:kavia-6.0.0-rc1
2025-08-26 06:44:11,047 - Knowledge - INFO - Found code_base: <app.utils.kg_build.knowledge.KnowledgeCodeBase object at 0x7fcd227f53d0>
2025-08-26 06:44:10,924 - Knowledge - INFO - Found code_base: <app.utils.kg_build.knowledge.KnowledgeCodeBase object at 0x7fcd227f53d0>
2025-08-26 06:44:11,169 - Knowledge - INFO - persist ingested knowledge for /app/data/b2c/163538/b8982ah/rialto-ocdm-163538/tests/mocks/OpenCDMSessionMock.h
2025-08-26 06:44:11,315 - Knowledge - INFO - persist ingested knowledge for /app/data/b2c/163538/b8982ah/rialto-ocdm-163538/library/source/CdmBackend.cpp
2025-08-26 06:44:11,577 - Knowledge - INFO - done ingest for /app/data/b2c/163538/b8982ah/rialto-ocdm-163538/tests/ut/OpenCdmSessionTests.cpp
2025-08-26 06:44:11,723 - Knowledge - INFO - process ingested knowledge for /app/data/b2c/163538/b8982ah/rialto-ocdm-163538/tests/ut/OpenCdmSessionTests.cpp
2025-08-26 06:44:12,072 - Knowledge - INFO - persist search terms embedding for tests/mocks/OpenCDMSessionMock.h
2025-08-26 06:44:12,273 - Knowledge - INFO - Found code-base-name: https://github.com/kavia-common/rialto-ocdm-163538.git:kavia-6.0.0-rc1
2025-08-26 06:44:12,372 - Knowledge - INFO - Found code_base: <app.utils.kg_build.knowledge.KnowledgeCodeBase object at 0x7fcd227f53d0>
2025-08-26 06:44:12,477 - Knowledge - INFO - persist ingested knowledge for /app/data/b2c/163538/b8982ah/rialto-ocdm-163538/tests/ut/OpenCdmSessionTests.cpp
2025-08-26 06:44:13,200 - Knowledge - INFO - persist search terms embedding for library/source/CdmBackend.cpp
2025-08-26 06:44:14,687 - Knowledge - INFO - done ingest for /app/data/b2c/163538/b8982ah/rialto-ocdm-163538/library/source/OpenCDMSessionPrivate.cpp
2025-08-26 06:44:14,708 - Knowledge - INFO - persist search terms embedding for tests/ut/OpenCdmSessionTests.cpp
2025-08-26 06:44:15,047 - Knowledge - INFO - process ingested knowledge for /app/data/b2c/163538/b8982ah/rialto-ocdm-163538/library/source/OpenCDMSessionPrivate.cpp
2025-08-26 06:44:15,265 - Knowledge - INFO - Found code-base-name: https://github.com/kavia-common/rialto-ocdm-163538.git:kavia-6.0.0-rc1
2025-08-26 06:44:15,358 - Knowledge - INFO - Found code_base: <app.utils.kg_build.knowledge.KnowledgeCodeBase object at 0x7fcd227f53d0>
2025-08-26 06:44:15,442 - Knowledge - INFO - persist ingested knowledge for /app/data/b2c/163538/b8982ah/rialto-ocdm-163538/library/source/OpenCDMSessionPrivate.cpp
2025-08-26 06:44:17,636 - Knowledge - INFO - persist search terms embedding for library/source/OpenCDMSessionPrivate.cpp
2025-08-26 06:44:19,394 - Knowledge - INFO - done ingest for /app/data/b2c/163538/b8982ah/rialto-ocdm-163538/tests/ut/OpenCdmTests.cpp
2025-08-26 06:44:19,680 - Knowledge - INFO - process ingested knowledge for /app/data/b2c/163538/b8982ah/rialto-ocdm-163538/tests/ut/OpenCdmTests.cpp
2025-08-26 06:44:19,986 - Knowledge - INFO - Found code-base-name: https://github.com/kavia-common/rialto-ocdm-163538.git:kavia-6.0.0-rc1
2025-08-26 06:44:20,102 - Knowledge - INFO - Found code_base: <app.utils.kg_build.knowledge.KnowledgeCodeBase object at 0x7fcd227f53d0>
2025-08-26 06:44:20,215 - Knowledge - INFO - persist ingested knowledge for /app/data/b2c/163538/b8982ah/rialto-ocdm-163538/tests/ut/OpenCdmTests.cpp
2025-08-26 06:44:22,260 - Knowledge - INFO - done ingest for /app/data/b2c/163538/b8982ah/rialto-ocdm-163538/tests/ut/OpenCdmExtTests.cpp
2025-08-26 06:44:22,349 - Knowledge - INFO - persist search terms embedding for tests/ut/OpenCdmTests.cpp
2025-08-26 06:44:22,387 - Knowledge - INFO - process ingested knowledge for /app/data/b2c/163538/b8982ah/rialto-ocdm-163538/tests/ut/OpenCdmExtTests.cpp
2025-08-26 06:44:22,595 - Knowledge - INFO - Found code-base-name: https://github.com/kavia-common/rialto-ocdm-163538.git:kavia-6.0.0-rc1
2025-08-26 06:44:22,684 - Knowledge - INFO - Found code_base: <app.utils.kg_build.knowledge.KnowledgeCodeBase object at 0x7fcd227f53d0>
2025-08-26 06:44:22,795 - Knowledge - INFO - persist ingested knowledge for /app/data/b2c/163538/b8982ah/rialto-ocdm-163538/tests/ut/OpenCdmExtTests.cpp
2025-08-26 06:44:23,560 - Knowledge - INFO - persist search terms embedding for tests/ut/OpenCdmExtTests.cpp
2025-08-26 06:44:23,666 - Knowledge - INFO - Knowledge creation complete
2025-08-26 06:44:23,776 - Knowledge - INFO - Updating org costs, total cost: 0.03486079999999999
2025-08-26 06:44:24,447 - Knowledge - INFO - Saving knowledge to Redis...
2025-08-26 06:44:24,608 - Knowledge - INFO - Knowledge saved to Redis successfully
2025-08-26 07:18:36,997 - Knowledge - INFO - Redis support added with prefix knowledge:b8982ah:
2025-08-26 07:18:37,384 - Knowledge - INFO - load persisted knowledge: begin
2025-08-26 07:18:38,376 - Knowledge - INFO - Persisted knowledge files in /app/data/b2c/163538/b8982ah/rialto-ocdm-163538/.knowledge have been renamed to use .json
2025-08-26 07:18:38,482 - Knowledge - INFO - Found code-base-name: https://github.com/kavia-common/rialto-ocdm-163538.git:kavia-6.0.0-rc1
2025-08-26 07:18:38,580 - Knowledge - INFO - Found code_base: <app.utils.kg_build.knowledge.KnowledgeCodeBase object at 0x7f029da00a50>
2025-08-26 07:18:38,710 - Knowledge - INFO - process ingested knowledge for /app/data/b2c/163538/b8982ah/rialto-ocdm-163538/library/include/ActiveSessions.h
2025-08-26 07:18:38,818 - Knowledge - INFO - Found code-base-name: https://github.com/kavia-common/rialto-ocdm-163538.git:kavia-6.0.0-rc1
2025-08-26 07:18:38,913 - Knowledge - INFO - Found code_base: <app.utils.kg_build.knowledge.KnowledgeCodeBase object at 0x7f029da00a50>
2025-08-26 07:18:39,008 - Knowledge - INFO - process ingested knowledge for /app/data/b2c/163538/b8982ah/rialto-ocdm-163538/tests/mocks/OpenCDMSessionMock.h
2025-08-26 07:18:39,123 - Knowledge - INFO - Found code-base-name: https://github.com/kavia-common/rialto-ocdm-163538.git:kavia-6.0.0-rc1
2025-08-26 07:18:39,236 - Knowledge - INFO - Found code_base: <app.utils.kg_build.knowledge.KnowledgeCodeBase object at 0x7f029da00a50>
2025-08-26 07:18:39,332 - Knowledge - INFO - process ingested knowledge for /app/data/b2c/163538/b8982ah/rialto-ocdm-163538/library/include/OpenCDMSystem.h
2025-08-26 07:18:39,448 - Knowledge - INFO - Found code-base-name: https://github.com/kavia-common/rialto-ocdm-163538.git:kavia-6.0.0-rc1
2025-08-26 07:18:39,569 - Knowledge - INFO - Found code_base: <app.utils.kg_build.knowledge.KnowledgeCodeBase object at 0x7f029da00a50>
2025-08-26 07:18:39,686 - Knowledge - INFO - process ingested knowledge for /app/data/b2c/163538/b8982ah/rialto-ocdm-163538/tests/ut/CMakeLists.txt
2025-08-26 07:18:39,813 - Knowledge - INFO - Found code-base-name: https://github.com/kavia-common/rialto-ocdm-163538.git:kavia-6.0.0-rc1
2025-08-26 07:18:39,924 - Knowledge - INFO - Found code_base: <app.utils.kg_build.knowledge.KnowledgeCodeBase object at 0x7f029da00a50>
2025-08-26 07:18:40,051 - Knowledge - INFO - process ingested knowledge for /app/data/b2c/163538/b8982ah/rialto-ocdm-163538/library/source/ActiveSessions.cpp
2025-08-26 07:18:40,143 - Knowledge - INFO - Found code-base-name: https://github.com/kavia-common/rialto-ocdm-163538.git:kavia-6.0.0-rc1
2025-08-26 07:18:40,222 - Knowledge - INFO - Found code_base: <app.utils.kg_build.knowledge.KnowledgeCodeBase object at 0x7f029da00a50>
2025-08-26 07:18:40,317 - Knowledge - INFO - process ingested knowledge for /app/data/b2c/163538/b8982ah/rialto-ocdm-163538/tests/third-party/source/MediaKeysCapabilitiesFactory.cpp
2025-08-26 07:18:40,430 - Knowledge - INFO - Found code-base-name: https://github.com/kavia-common/rialto-ocdm-163538.git:kavia-6.0.0-rc1
2025-08-26 07:18:40,512 - Knowledge - INFO - Found code_base: <app.utils.kg_build.knowledge.KnowledgeCodeBase object at 0x7f029da00a50>
2025-08-26 07:18:40,623 - Knowledge - INFO - process ingested knowledge for /app/data/b2c/163538/b8982ah/rialto-ocdm-163538/tests/ut/OpenCdmSessionTests.cpp
2025-08-26 07:18:40,744 - Knowledge - INFO - Found code-base-name: https://github.com/kavia-common/rialto-ocdm-163538.git:kavia-6.0.0-rc1
2025-08-26 07:18:40,830 - Knowledge - INFO - Found code_base: <app.utils.kg_build.knowledge.KnowledgeCodeBase object at 0x7f029da00a50>
2025-08-26 07:18:40,930 - Knowledge - INFO - process ingested knowledge for /app/data/b2c/163538/b8982ah/rialto-ocdm-163538/tests/mocks/OcdmSessionsCallbacksMock.h
2025-08-26 07:18:41,030 - Knowledge - INFO - Found code-base-name: https://github.com/kavia-common/rialto-ocdm-163538.git:kavia-6.0.0-rc1
2025-08-26 07:18:41,147 - Knowledge - INFO - Found code_base: <app.utils.kg_build.knowledge.KnowledgeCodeBase object at 0x7f029da00a50>
2025-08-26 07:18:41,240 - Knowledge - INFO - process ingested knowledge for /app/data/b2c/163538/b8982ah/rialto-ocdm-163538/tests/ut/OpenCdmTests.cpp
2025-08-26 07:18:41,320 - Knowledge - INFO - Found code-base-name: https://github.com/kavia-common/rialto-ocdm-163538.git:kavia-6.0.0-rc1
2025-08-26 07:18:41,439 - Knowledge - INFO - Found code_base: <app.utils.kg_build.knowledge.KnowledgeCodeBase object at 0x7f029da00a50>
2025-08-26 07:18:41,553 - Knowledge - INFO - process ingested knowledge for /app/data/b2c/163538/b8982ah/rialto-ocdm-163538/tests/third-party/source/OcdmSessionsCallbacks.cpp
2025-08-26 07:18:41,645 - Knowledge - INFO - Found code-base-name: https://github.com/kavia-common/rialto-ocdm-163538.git:kavia-6.0.0-rc1
2025-08-26 07:18:41,727 - Knowledge - INFO - Found code_base: <app.utils.kg_build.knowledge.KnowledgeCodeBase object at 0x7f029da00a50>
2025-08-26 07:18:41,817 - Knowledge - INFO - process ingested knowledge for /app/data/b2c/163538/b8982ah/rialto-ocdm-163538/tests/mocks/MediaKeysCapabilitiesMock.h
2025-08-26 07:18:41,937 - Knowledge - INFO - Found code-base-name: https://github.com/kavia-common/rialto-ocdm-163538.git:kavia-6.0.0-rc1
2025-08-26 07:18:42,066 - Knowledge - INFO - Found code_base: <app.utils.kg_build.knowledge.KnowledgeCodeBase object at 0x7f029da00a50>
2025-08-26 07:18:42,160 - Knowledge - INFO - process ingested knowledge for /app/data/b2c/163538/b8982ah/rialto-ocdm-163538/tests/mocks/CMakeLists.txt
2025-08-26 07:18:42,260 - Knowledge - INFO - Found code-base-name: https://github.com/kavia-common/rialto-ocdm-163538.git:kavia-6.0.0-rc1
2025-08-26 07:18:42,342 - Knowledge - INFO - Found code_base: <app.utils.kg_build.knowledge.KnowledgeCodeBase object at 0x7f029da00a50>
2025-08-26 07:18:42,450 - Knowledge - INFO - process ingested knowledge for /app/data/b2c/163538/b8982ah/rialto-ocdm-163538/tests/ut/MediaKeysCapabilitiesBackendTests.cpp
2025-08-26 07:18:42,576 - Knowledge - INFO - Found code-base-name: https://github.com/kavia-common/rialto-ocdm-163538.git:kavia-6.0.0-rc1
2025-08-26 07:18:42,669 - Knowledge - INFO - Found code_base: <app.utils.kg_build.knowledge.KnowledgeCodeBase object at 0x7f029da00a50>
2025-08-26 07:18:42,763 - Knowledge - INFO - process ingested knowledge for /app/data/b2c/163538/b8982ah/rialto-ocdm-163538/cmake/googletest.cmake
2025-08-26 07:18:42,856 - Knowledge - INFO - Found code-base-name: https://github.com/kavia-common/rialto-ocdm-163538.git:kavia-6.0.0-rc1
2025-08-26 07:18:42,938 - Knowledge - INFO - Found code_base: <app.utils.kg_build.knowledge.KnowledgeCodeBase object at 0x7f029da00a50>
2025-08-26 07:18:43,052 - Knowledge - INFO - process ingested knowledge for /app/data/b2c/163538/b8982ah/rialto-ocdm-163538/library/include/OpenCDMSessionPrivate.h
2025-08-26 07:18:43,172 - Knowledge - INFO - Found code-base-name: https://github.com/kavia-common/rialto-ocdm-163538.git:kavia-6.0.0-rc1
2025-08-26 07:18:43,289 - Knowledge - INFO - Found code_base: <app.utils.kg_build.knowledge.KnowledgeCodeBase object at 0x7f029da00a50>
2025-08-26 07:18:43,433 - Knowledge - INFO - process ingested knowledge for /app/data/b2c/163538/b8982ah/rialto-ocdm-163538/library/CMakeLists.txt
2025-08-26 07:18:43,558 - Knowledge - INFO - Found code-base-name: https://github.com/kavia-common/rialto-ocdm-163538.git:kavia-6.0.0-rc1
2025-08-26 07:18:43,656 - Knowledge - INFO - Found code_base: <app.utils.kg_build.knowledge.KnowledgeCodeBase object at 0x7f029da00a50>
2025-08-26 07:18:43,741 - Knowledge - INFO - process ingested knowledge for /app/data/b2c/163538/b8982ah/rialto-ocdm-163538/library/include/ICdmBackend.h
2025-08-26 07:18:43,830 - Knowledge - INFO - Found code-base-name: https://github.com/kavia-common/rialto-ocdm-163538.git:kavia-6.0.0-rc1
2025-08-26 07:18:43,908 - Knowledge - INFO - Found code_base: <app.utils.kg_build.knowledge.KnowledgeCodeBase object at 0x7f029da00a50>
2025-08-26 07:18:44,026 - Knowledge - INFO - process ingested knowledge for /app/data/b2c/163538/b8982ah/rialto-ocdm-163538/library/include/IMessageDispatcher.h
2025-08-26 07:18:44,147 - Knowledge - INFO - Found code-base-name: https://github.com/kavia-common/rialto-ocdm-163538.git:kavia-6.0.0-rc1
2025-08-26 07:18:44,252 - Knowledge - INFO - Found code_base: <app.utils.kg_build.knowledge.KnowledgeCodeBase object at 0x7f029da00a50>
2025-08-26 07:18:44,339 - Knowledge - INFO - process ingested knowledge for /app/data/b2c/163538/b8982ah/rialto-ocdm-163538/tests/mocks/MessageDispatcherMock.h
2025-08-26 07:18:44,452 - Knowledge - INFO - Found code-base-name: https://github.com/kavia-common/rialto-ocdm-163538.git:kavia-6.0.0-rc1
2025-08-26 07:18:44,569 - Knowledge - INFO - Found code_base: <app.utils.kg_build.knowledge.KnowledgeCodeBase object at 0x7f029da00a50>
2025-08-26 07:18:44,659 - Knowledge - INFO - process ingested knowledge for /app/data/b2c/163538/b8982ah/rialto-ocdm-163538/tests/mocks/MediaKeysMock.h
2025-08-26 07:18:44,764 - Knowledge - INFO - Found code-base-name: https://github.com/kavia-common/rialto-ocdm-163538.git:kavia-6.0.0-rc1
2025-08-26 07:18:44,880 - Knowledge - INFO - Found code_base: <app.utils.kg_build.knowledge.KnowledgeCodeBase object at 0x7f029da00a50>
2025-08-26 07:18:44,965 - Knowledge - INFO - process ingested knowledge for /app/data/b2c/163538/b8982ah/rialto-ocdm-163538/tests/mocks/CdmBackendMock.h
2025-08-26 07:18:45,085 - Knowledge - INFO - Found code-base-name: https://github.com/kavia-common/rialto-ocdm-163538.git:kavia-6.0.0-rc1
2025-08-26 07:18:45,179 - Knowledge - INFO - Found code_base: <app.utils.kg_build.knowledge.KnowledgeCodeBase object at 0x7f029da00a50>
2025-08-26 07:18:45,265 - Knowledge - INFO - process ingested knowledge for /app/data/b2c/163538/b8982ah/rialto-ocdm-163538/tests/ut/MessageDispatcherTests.cpp
2025-08-26 07:18:45,394 - Knowledge - INFO - Found code-base-name: https://github.com/kavia-common/rialto-ocdm-163538.git:kavia-6.0.0-rc1
2025-08-26 07:18:45,487 - Knowledge - INFO - Found code_base: <app.utils.kg_build.knowledge.KnowledgeCodeBase object at 0x7f029da00a50>
2025-08-26 07:18:45,575 - Knowledge - INFO - process ingested knowledge for /app/data/b2c/163538/b8982ah/rialto-ocdm-163538/TERMS.md
2025-08-26 07:18:45,693 - Knowledge - INFO - Found code-base-name: https://github.com/kavia-common/rialto-ocdm-163538.git:kavia-6.0.0-rc1
2025-08-26 07:18:45,798 - Knowledge - INFO - Found code_base: <app.utils.kg_build.knowledge.KnowledgeCodeBase object at 0x7f029da00a50>
2025-08-26 07:18:45,903 - Knowledge - INFO - process ingested knowledge for /app/data/b2c/163538/b8982ah/rialto-ocdm-163538/library/source/open_cdm_adapter.cpp
2025-08-26 07:18:45,989 - Knowledge - INFO - Found code-base-name: https://github.com/kavia-common/rialto-ocdm-163538.git:kavia-6.0.0-rc1
2025-08-26 07:18:46,088 - Knowledge - INFO - Found code_base: <app.utils.kg_build.knowledge.KnowledgeCodeBase object at 0x7f029da00a50>
2025-08-26 07:18:46,187 - Knowledge - INFO - process ingested knowledge for /app/data/b2c/163538/b8982ah/rialto-ocdm-163538/library/source/open_cdm.cpp
2025-08-26 07:18:46,286 - Knowledge - INFO - Found code-base-name: https://github.com/kavia-common/rialto-ocdm-163538.git:kavia-6.0.0-rc1
2025-08-26 07:18:46,371 - Knowledge - INFO - Found code_base: <app.utils.kg_build.knowledge.KnowledgeCodeBase object at 0x7f029da00a50>
2025-08-26 07:18:46,446 - Knowledge - INFO - process ingested knowledge for /app/data/b2c/163538/b8982ah/rialto-ocdm-163538/scripts/valgrind/process_valgrind_results.py
2025-08-26 07:18:46,542 - Knowledge - INFO - Found code-base-name: https://github.com/kavia-common/rialto-ocdm-163538.git:kavia-6.0.0-rc1
2025-08-26 07:18:46,624 - Knowledge - INFO - Found code_base: <app.utils.kg_build.knowledge.KnowledgeCodeBase object at 0x7f029da00a50>
2025-08-26 07:18:46,742 - Knowledge - INFO - process ingested knowledge for /app/data/b2c/163538/b8982ah/rialto-ocdm-163538/library/source/open_cdm_ext.cpp
2025-08-26 07:18:46,866 - Knowledge - INFO - Found code-base-name: https://github.com/kavia-common/rialto-ocdm-163538.git:kavia-6.0.0-rc1
2025-08-26 07:18:46,953 - Knowledge - INFO - Found code_base: <app.utils.kg_build.knowledge.KnowledgeCodeBase object at 0x7f029da00a50>
2025-08-26 07:18:47,042 - Knowledge - INFO - process ingested knowledge for /app/data/b2c/163538/b8982ah/rialto-ocdm-163538/tests/ut/CdmBackendTests.cpp
2025-08-26 07:18:47,136 - Knowledge - INFO - Found code-base-name: https://github.com/kavia-common/rialto-ocdm-163538.git:kavia-6.0.0-rc1
2025-08-26 07:18:47,243 - Knowledge - INFO - Found code_base: <app.utils.kg_build.knowledge.KnowledgeCodeBase object at 0x7f029da00a50>
2025-08-26 07:18:47,332 - Knowledge - INFO - process ingested knowledge for /app/data/b2c/163538/b8982ah/rialto-ocdm-163538/library/source/OpenCDMSessionPrivate.cpp
2025-08-26 07:18:47,457 - Knowledge - INFO - Found code-base-name: https://github.com/kavia-common/rialto-ocdm-163538.git:kavia-6.0.0-rc1
2025-08-26 07:18:47,538 - Knowledge - INFO - Found code_base: <app.utils.kg_build.knowledge.KnowledgeCodeBase object at 0x7f029da00a50>
2025-08-26 07:18:47,649 - Knowledge - INFO - process ingested knowledge for /app/data/b2c/163538/b8982ah/rialto-ocdm-163538/CMakeLists.txt
2025-08-26 07:18:47,744 - Knowledge - INFO - Found code-base-name: https://github.com/kavia-common/rialto-ocdm-163538.git:kavia-6.0.0-rc1
2025-08-26 07:18:47,846 - Knowledge - INFO - Found code_base: <app.utils.kg_build.knowledge.KnowledgeCodeBase object at 0x7f029da00a50>
2025-08-26 07:18:47,966 - Knowledge - INFO - process ingested knowledge for /app/data/b2c/163538/b8982ah/rialto-ocdm-163538/tests/third-party/source/MediaKeysFactory.cpp
2025-08-26 07:18:48,101 - Knowledge - INFO - Found code-base-name: https://github.com/kavia-common/rialto-ocdm-163538.git:kavia-6.0.0-rc1
2025-08-26 07:18:48,174 - Knowledge - INFO - Found code_base: <app.utils.kg_build.knowledge.KnowledgeCodeBase object at 0x7f029da00a50>
2025-08-26 07:18:48,275 - Knowledge - INFO - process ingested knowledge for /app/data/b2c/163538/b8982ah/rialto-ocdm-163538/tests/ut/LoggerTests.cpp
2025-08-26 07:18:48,381 - Knowledge - INFO - Found code-base-name: https://github.com/kavia-common/rialto-ocdm-163538.git:kavia-6.0.0-rc1
2025-08-26 07:18:48,477 - Knowledge - INFO - Found code_base: <app.utils.kg_build.knowledge.KnowledgeCodeBase object at 0x7f029da00a50>
2025-08-26 07:18:48,596 - Knowledge - INFO - process ingested knowledge for /app/data/b2c/163538/b8982ah/rialto-ocdm-163538/library/include/RialtoGStreamerEMEProtectionMetadata.h
2025-08-26 07:18:48,691 - Knowledge - INFO - Found code-base-name: https://github.com/kavia-common/rialto-ocdm-163538.git:kavia-6.0.0-rc1
2025-08-26 07:18:48,807 - Knowledge - INFO - Found code_base: <app.utils.kg_build.knowledge.KnowledgeCodeBase object at 0x7f029da00a50>
2025-08-26 07:18:48,880 - Knowledge - INFO - process ingested knowledge for /app/data/b2c/163538/b8982ah/rialto-ocdm-163538/library/source/CdmBackend.cpp
2025-08-26 07:18:49,012 - Knowledge - INFO - Found code-base-name: https://github.com/kavia-common/rialto-ocdm-163538.git:kavia-6.0.0-rc1
2025-08-26 07:18:49,096 - Knowledge - INFO - Found code_base: <app.utils.kg_build.knowledge.KnowledgeCodeBase object at 0x7f029da00a50>
2025-08-26 07:18:49,221 - Knowledge - INFO - process ingested knowledge for /app/data/b2c/163538/b8982ah/rialto-ocdm-163538/scripts/cpplint/cpplint.py
2025-08-26 07:18:49,335 - Knowledge - INFO - Found code-base-name: https://github.com/kavia-common/rialto-ocdm-163538.git:kavia-6.0.0-rc1
2025-08-26 07:18:49,428 - Knowledge - INFO - Found code_base: <app.utils.kg_build.knowledge.KnowledgeCodeBase object at 0x7f029da00a50>
2025-08-26 07:18:49,538 - Knowledge - INFO - process ingested knowledge for /app/data/b2c/163538/b8982ah/rialto-ocdm-163538/library/source/MessageDispatcher.cpp
2025-08-26 07:18:49,639 - Knowledge - INFO - Found code-base-name: https://github.com/kavia-common/rialto-ocdm-163538.git:kavia-6.0.0-rc1
2025-08-26 07:18:49,719 - Knowledge - INFO - Found code_base: <app.utils.kg_build.knowledge.KnowledgeCodeBase object at 0x7f029da00a50>
2025-08-26 07:18:49,808 - Knowledge - INFO - process ingested knowledge for /app/data/b2c/163538/b8982ah/rialto-ocdm-163538/tests/ut/ActiveSessionsTests.cpp
2025-08-26 07:18:49,951 - Knowledge - INFO - Found code-base-name: https://github.com/kavia-common/rialto-ocdm-163538.git:kavia-6.0.0-rc1
2025-08-26 07:18:50,033 - Knowledge - INFO - Found code_base: <app.utils.kg_build.knowledge.KnowledgeCodeBase object at 0x7f029da00a50>
2025-08-26 07:18:50,133 - Knowledge - INFO - process ingested knowledge for /app/data/b2c/163538/b8982ah/rialto-ocdm-163538/tests/ut/OpenCdmSystemTests.cpp
2025-08-26 07:18:50,258 - Knowledge - INFO - Found code-base-name: https://github.com/kavia-common/rialto-ocdm-163538.git:kavia-6.0.0-rc1
2025-08-26 07:18:50,374 - Knowledge - INFO - Found code_base: <app.utils.kg_build.knowledge.KnowledgeCodeBase object at 0x7f029da00a50>
2025-08-26 07:18:50,486 - Knowledge - INFO - process ingested knowledge for /app/data/b2c/163538/b8982ah/rialto-ocdm-163538/tests/mocks/MediaKeysClientMock.h
2025-08-26 07:18:50,595 - Knowledge - INFO - Found code-base-name: https://github.com/kavia-common/rialto-ocdm-163538.git:kavia-6.0.0-rc1
2025-08-26 07:18:50,719 - Knowledge - INFO - Found code_base: <app.utils.kg_build.knowledge.KnowledgeCodeBase object at 0x7f029da00a50>
2025-08-26 07:18:50,837 - Knowledge - INFO - process ingested knowledge for /app/data/b2c/163538/b8982ah/rialto-ocdm-163538/tests/mocks/MessageDispatcherClientMock.h
2025-08-26 07:18:50,952 - Knowledge - INFO - Found code-base-name: https://github.com/kavia-common/rialto-ocdm-163538.git:kavia-6.0.0-rc1
2025-08-26 07:18:51,069 - Knowledge - INFO - Found code_base: <app.utils.kg_build.knowledge.KnowledgeCodeBase object at 0x7f029da00a50>
2025-08-26 07:18:51,175 - Knowledge - INFO - process ingested knowledge for /app/data/b2c/163538/b8982ah/rialto-ocdm-163538/library/include/MessageDispatcher.h
2025-08-26 07:18:51,272 - Knowledge - INFO - Found code-base-name: https://github.com/kavia-common/rialto-ocdm-163538.git:kavia-6.0.0-rc1
2025-08-26 07:18:51,381 - Knowledge - INFO - Found code_base: <app.utils.kg_build.knowledge.KnowledgeCodeBase object at 0x7f029da00a50>
2025-08-26 07:18:51,480 - Knowledge - INFO - process ingested knowledge for /app/data/b2c/163538/b8982ah/rialto-ocdm-163538/library/source/RialtoGStreamerEMEProtectionMetadata.cpp
2025-08-26 07:18:51,604 - Knowledge - INFO - Found code-base-name: https://github.com/kavia-common/rialto-ocdm-163538.git:kavia-6.0.0-rc1
2025-08-26 07:18:51,713 - Knowledge - INFO - Found code_base: <app.utils.kg_build.knowledge.KnowledgeCodeBase object at 0x7f029da00a50>
2025-08-26 07:18:51,805 - Knowledge - INFO - process ingested knowledge for /app/data/b2c/163538/b8982ah/rialto-ocdm-163538/tests/mocks/OpenCDMSystemMock.h
2025-08-26 07:18:51,899 - Knowledge - INFO - Found code-base-name: https://github.com/kavia-common/rialto-ocdm-163538.git:kavia-6.0.0-rc1
2025-08-26 07:18:51,974 - Knowledge - INFO - Found code_base: <app.utils.kg_build.knowledge.KnowledgeCodeBase object at 0x7f029da00a50>
2025-08-26 07:18:52,076 - Knowledge - INFO - process ingested knowledge for /app/data/b2c/163538/b8982ah/rialto-ocdm-163538/library/include/CdmBackend.h
2025-08-26 07:18:52,185 - Knowledge - INFO - Found code-base-name: https://github.com/kavia-common/rialto-ocdm-163538.git:kavia-6.0.0-rc1
2025-08-26 07:18:52,291 - Knowledge - INFO - Found code_base: <app.utils.kg_build.knowledge.KnowledgeCodeBase object at 0x7f029da00a50>
2025-08-26 07:18:52,370 - Knowledge - INFO - process ingested knowledge for /app/data/b2c/163538/b8982ah/rialto-ocdm-163538/library/source/Logger.cpp
2025-08-26 07:18:52,499 - Knowledge - INFO - Found code-base-name: https://github.com/kavia-common/rialto-ocdm-163538.git:kavia-6.0.0-rc1
2025-08-26 07:18:52,610 - Knowledge - INFO - Found code_base: <app.utils.kg_build.knowledge.KnowledgeCodeBase object at 0x7f029da00a50>
2025-08-26 07:18:52,735 - Knowledge - INFO - process ingested knowledge for /app/data/b2c/163538/b8982ah/rialto-ocdm-163538/tests/ut/OpenCdmExtTests.cpp
2025-08-26 07:18:52,838 - Knowledge - INFO - Found code-base-name: https://github.com/kavia-common/rialto-ocdm-163538.git:kavia-6.0.0-rc1
2025-08-26 07:18:52,949 - Knowledge - INFO - Found code_base: <app.utils.kg_build.knowledge.KnowledgeCodeBase object at 0x7f029da00a50>
2025-08-26 07:18:53,059 - Knowledge - INFO - process ingested knowledge for /app/data/b2c/163538/b8982ah/rialto-ocdm-163538/tests/ut/OpenCdmAdapterTests.cpp
2025-08-26 07:18:53,186 - Knowledge - INFO - Found code-base-name: https://github.com/kavia-common/rialto-ocdm-163538.git:kavia-6.0.0-rc1
2025-08-26 07:18:53,268 - Knowledge - INFO - Found code_base: <app.utils.kg_build.knowledge.KnowledgeCodeBase object at 0x7f029da00a50>
2025-08-26 07:18:53,372 - Knowledge - INFO - process ingested knowledge for /app/data/b2c/163538/b8982ah/rialto-ocdm-163538/README.md
2025-08-26 07:18:53,471 - Knowledge - INFO - Found code-base-name: https://github.com/kavia-common/rialto-ocdm-163538.git:kavia-6.0.0-rc1
2025-08-26 07:18:53,597 - Knowledge - INFO - Found code_base: <app.utils.kg_build.knowledge.KnowledgeCodeBase object at 0x7f029da00a50>
2025-08-26 07:18:53,684 - Knowledge - INFO - process ingested knowledge for /app/data/b2c/163538/b8982ah/rialto-ocdm-163538/scripts/clang-format/process_clang-format_errors.py
2025-08-26 07:18:53,791 - Knowledge - INFO - Found code-base-name: https://github.com/kavia-common/rialto-ocdm-163538.git:kavia-6.0.0-rc1
2025-08-26 07:18:53,887 - Knowledge - INFO - Found code_base: <app.utils.kg_build.knowledge.KnowledgeCodeBase object at 0x7f029da00a50>
2025-08-26 07:18:54,003 - Knowledge - INFO - process ingested knowledge for /app/data/b2c/163538/b8982ah/rialto-ocdm-163538/cppcheck_suppressions.xml
2025-08-26 07:18:54,115 - Knowledge - INFO - Found code-base-name: https://github.com/kavia-common/rialto-ocdm-163538.git:kavia-6.0.0-rc1
2025-08-26 07:18:54,238 - Knowledge - INFO - Found code_base: <app.utils.kg_build.knowledge.KnowledgeCodeBase object at 0x7f029da00a50>
2025-08-26 07:18:54,335 - Knowledge - INFO - process ingested knowledge for /app/data/b2c/163538/b8982ah/rialto-ocdm-163538/library/include/Logger.h
2025-08-26 07:18:54,430 - Knowledge - INFO - Found code-base-name: https://github.com/kavia-common/rialto-ocdm-163538.git:kavia-6.0.0-rc1
2025-08-26 07:18:54,540 - Knowledge - INFO - Found code_base: <app.utils.kg_build.knowledge.KnowledgeCodeBase object at 0x7f029da00a50>
2025-08-26 07:18:54,634 - Knowledge - INFO - process ingested knowledge for /app/data/b2c/163538/b8982ah/rialto-ocdm-163538/library/include/OpenCDMSystemPrivate.h
2025-08-26 07:18:54,730 - Knowledge - INFO - Found code-base-name: https://github.com/kavia-common/rialto-ocdm-163538.git:kavia-6.0.0-rc1
2025-08-26 07:18:54,839 - Knowledge - INFO - Found code_base: <app.utils.kg_build.knowledge.KnowledgeCodeBase object at 0x7f029da00a50>
2025-08-26 07:18:54,946 - Knowledge - INFO - process ingested knowledge for /app/data/b2c/163538/b8982ah/rialto-ocdm-163538/tests/third-party/source/ControlFactory.cpp
2025-08-26 07:18:55,033 - Knowledge - INFO - Found code-base-name: https://github.com/kavia-common/rialto-ocdm-163538.git:kavia-6.0.0-rc1
2025-08-26 07:18:55,119 - Knowledge - INFO - Found code_base: <app.utils.kg_build.knowledge.KnowledgeCodeBase object at 0x7f029da00a50>
2025-08-26 07:18:55,206 - Knowledge - INFO - process ingested knowledge for /app/data/b2c/163538/b8982ah/rialto-ocdm-163538/docs/index.html
2025-08-26 07:18:55,340 - Knowledge - INFO - Found code-base-name: https://github.com/kavia-common/rialto-ocdm-163538.git:kavia-6.0.0-rc1
2025-08-26 07:18:55,440 - Knowledge - INFO - Found code_base: <app.utils.kg_build.knowledge.KnowledgeCodeBase object at 0x7f029da00a50>
2025-08-26 07:18:55,550 - Knowledge - INFO - process ingested knowledge for /app/data/b2c/163538/b8982ah/rialto-ocdm-163538/library/source/MediaKeysCapabilitiesBackend.cpp
2025-08-26 07:18:55,645 - Knowledge - INFO - Found code-base-name: https://github.com/kavia-common/rialto-ocdm-163538.git:kavia-6.0.0-rc1
2025-08-26 07:18:55,761 - Knowledge - INFO - Found code_base: <app.utils.kg_build.knowledge.KnowledgeCodeBase object at 0x7f029da00a50>
2025-08-26 07:18:55,864 - Knowledge - INFO - process ingested knowledge for /app/data/b2c/163538/b8982ah/rialto-ocdm-163538/library/source/OpenCDMSystemPrivate.cpp
2025-08-26 07:18:55,974 - Knowledge - INFO - Found code-base-name: https://github.com/kavia-common/rialto-ocdm-163538.git:kavia-6.0.0-rc1
2025-08-26 07:18:56,097 - Knowledge - INFO - Found code_base: <app.utils.kg_build.knowledge.KnowledgeCodeBase object at 0x7f029da00a50>
2025-08-26 07:18:56,180 - Knowledge - INFO - process ingested knowledge for /app/data/b2c/163538/b8982ah/rialto-ocdm-163538/cmake/FindRialto.cmake
2025-08-26 07:18:56,316 - Knowledge - INFO - Found code-base-name: https://github.com/kavia-common/rialto-ocdm-163538.git:kavia-6.0.0-rc1
2025-08-26 07:18:56,389 - Knowledge - INFO - Found code_base: <app.utils.kg_build.knowledge.KnowledgeCodeBase object at 0x7f029da00a50>
2025-08-26 07:18:56,494 - Knowledge - INFO - process ingested knowledge for /app/data/b2c/163538/b8982ah/rialto-ocdm-163538/library/include/MediaKeysCapabilitiesBackend.h
2025-08-26 07:18:56,586 - Knowledge - INFO - Found code-base-name: https://github.com/kavia-common/rialto-ocdm-163538.git:kavia-6.0.0-rc1
2025-08-26 07:18:56,696 - Knowledge - INFO - Found code_base: <app.utils.kg_build.knowledge.KnowledgeCodeBase object at 0x7f029da00a50>
2025-08-26 07:18:56,815 - Knowledge - INFO - process ingested knowledge for /app/data/b2c/163538/b8982ah/rialto-ocdm-163538/CHANGELOG.md
2025-08-26 07:18:56,916 - Knowledge - INFO - Found code-base-name: https://github.com/kavia-common/rialto-ocdm-163538.git:kavia-6.0.0-rc1
2025-08-26 07:18:57,007 - Knowledge - INFO - Found code_base: <app.utils.kg_build.knowledge.KnowledgeCodeBase object at 0x7f029da00a50>
2025-08-26 07:18:57,110 - Knowledge - INFO - process ingested knowledge for /app/data/b2c/163538/b8982ah/rialto-ocdm-163538/CONTRIBUTING.md
2025-08-26 07:18:57,211 - Knowledge - INFO - Found code-base-name: https://github.com/kavia-common/rialto-ocdm-163538.git:kavia-6.0.0-rc1
2025-08-26 07:18:57,307 - Knowledge - INFO - Found code_base: <app.utils.kg_build.knowledge.KnowledgeCodeBase object at 0x7f029da00a50>
2025-08-26 07:18:57,405 - Knowledge - INFO - process ingested knowledge for /app/data/b2c/163538/b8982ah/rialto-ocdm-163538/library/include/OpenCDMSession.h
2025-08-26 07:18:57,495 - Knowledge - INFO - Found code-base-name: https://github.com/kavia-common/rialto-ocdm-163538.git:kavia-6.0.0-rc1
2025-08-26 07:18:57,590 - Knowledge - INFO - Found code_base: <app.utils.kg_build.knowledge.KnowledgeCodeBase object at 0x7f029da00a50>
2025-08-26 07:18:57,706 - Knowledge - INFO - process ingested knowledge for /app/data/b2c/163538/b8982ah/rialto-ocdm-163538/tests/third-party/CMakeLists.txt
2025-08-26 07:18:57,794 - Knowledge - INFO - Found code-base-name: https://github.com/kavia-common/rialto-ocdm-163538.git:kavia-6.0.0-rc1
2025-08-26 07:18:57,908 - Knowledge - INFO - Found code_base: <app.utils.kg_build.knowledge.KnowledgeCodeBase object at 0x7f029da00a50>
2025-08-26 07:18:58,033 - Knowledge - INFO - process ingested knowledge for /app/data/b2c/163538/b8982ah/rialto-ocdm-163538/tests/mocks/ControlMock.h
2025-08-26 07:18:58,159 - Knowledge - INFO - Found code-base-name: https://github.com/kavia-common/rialto-ocdm-163538.git:kavia-6.0.0-rc1
2025-08-26 07:18:58,238 - Knowledge - INFO - Found code_base: <app.utils.kg_build.knowledge.KnowledgeCodeBase object at 0x7f029da00a50>
2025-08-26 07:18:58,352 - Knowledge - INFO - process ingested knowledge for /app/data/b2c/163538/b8982ah/rialto-ocdm-163538/build_ut.py
2025-08-26 07:18:58,453 - Knowledge - INFO - load persisted knowledge: end
2025-08-26 07:18:58,536 - Knowledge - INFO - load persisted docinfo: begin
2025-08-26 07:18:58,647 - Knowledge - INFO - load persisted docinfo: end
2025-08-26 07:18:58,804 - Knowledge - INFO - worker kw1 created with dedicated MongoDB connection (total: 1)
2025-08-26 07:18:58,899 - Knowledge - INFO - knowledge worker kw1 start
2025-08-26 07:18:58,980 - Knowledge - INFO - Knowledge creation complete
2025-08-26 07:18:59,074 - Knowledge - INFO - Updating org costs, total cost: 0
2025-08-26 07:18:59,923 - Knowledge - INFO - Saving knowledge to Redis...
2025-08-26 07:19:00,082 - Knowledge - INFO - Knowledge saved to Redis successfully
2025-08-26 07:20:17,870 - Knowledge - INFO - Redis support added with prefix knowledge:b8982ah:
2025-08-26 07:20:18,243 - Knowledge - INFO - load persisted knowledge: begin
2025-08-26 07:20:18,328 - Knowledge - INFO - Found code-base-name: https://github.com/kavia-common/rialto-ocdm-163538.git:kavia-6.0.0-rc1
2025-08-26 07:20:18,420 - Knowledge - INFO - Found code_base: <app.utils.kg_build.knowledge.KnowledgeCodeBase object at 0x7f100d0c1450>
2025-08-26 07:20:18,497 - Knowledge - INFO - process ingested knowledge for /app/data/b2c/163538/b8982ah/rialto-ocdm-163538/library/include/ActiveSessions.h
2025-08-26 07:20:18,598 - Knowledge - INFO - Found code-base-name: https://github.com/kavia-common/rialto-ocdm-163538.git:kavia-6.0.0-rc1
2025-08-26 07:20:18,675 - Knowledge - INFO - Found code_base: <app.utils.kg_build.knowledge.KnowledgeCodeBase object at 0x7f100d0c1450>
2025-08-26 07:20:18,794 - Knowledge - INFO - process ingested knowledge for /app/data/b2c/163538/b8982ah/rialto-ocdm-163538/tests/mocks/OpenCDMSessionMock.h
2025-08-26 07:20:18,889 - Knowledge - INFO - Found code-base-name: https://github.com/kavia-common/rialto-ocdm-163538.git:kavia-6.0.0-rc1
2025-08-26 07:20:18,963 - Knowledge - INFO - Found code_base: <app.utils.kg_build.knowledge.KnowledgeCodeBase object at 0x7f100d0c1450>
2025-08-26 07:20:19,084 - Knowledge - INFO - process ingested knowledge for /app/data/b2c/163538/b8982ah/rialto-ocdm-163538/library/include/OpenCDMSystem.h
2025-08-26 07:20:19,181 - Knowledge - INFO - Found code-base-name: https://github.com/kavia-common/rialto-ocdm-163538.git:kavia-6.0.0-rc1
2025-08-26 07:20:19,259 - Knowledge - INFO - Found code_base: <app.utils.kg_build.knowledge.KnowledgeCodeBase object at 0x7f100d0c1450>
2025-08-26 07:20:19,336 - Knowledge - INFO - process ingested knowledge for /app/data/b2c/163538/b8982ah/rialto-ocdm-163538/tests/ut/CMakeLists.txt
2025-08-26 07:20:19,443 - Knowledge - INFO - Found code-base-name: https://github.com/kavia-common/rialto-ocdm-163538.git:kavia-6.0.0-rc1
2025-08-26 07:20:19,550 - Knowledge - INFO - Found code_base: <app.utils.kg_build.knowledge.KnowledgeCodeBase object at 0x7f100d0c1450>
2025-08-26 07:20:19,652 - Knowledge - INFO - process ingested knowledge for /app/data/b2c/163538/b8982ah/rialto-ocdm-163538/library/source/ActiveSessions.cpp
2025-08-26 07:20:19,782 - Knowledge - INFO - Found code-base-name: https://github.com/kavia-common/rialto-ocdm-163538.git:kavia-6.0.0-rc1
2025-08-26 07:20:19,881 - Knowledge - INFO - Found code_base: <app.utils.kg_build.knowledge.KnowledgeCodeBase object at 0x7f100d0c1450>
2025-08-26 07:20:19,950 - Knowledge - INFO - process ingested knowledge for /app/data/b2c/163538/b8982ah/rialto-ocdm-163538/tests/third-party/source/MediaKeysCapabilitiesFactory.cpp
2025-08-26 07:20:20,077 - Knowledge - INFO - Found code-base-name: https://github.com/kavia-common/rialto-ocdm-163538.git:kavia-6.0.0-rc1
2025-08-26 07:20:20,158 - Knowledge - INFO - Found code_base: <app.utils.kg_build.knowledge.KnowledgeCodeBase object at 0x7f100d0c1450>
2025-08-26 07:20:20,274 - Knowledge - INFO - process ingested knowledge for /app/data/b2c/163538/b8982ah/rialto-ocdm-163538/tests/ut/OpenCdmSessionTests.cpp
2025-08-26 07:20:20,410 - Knowledge - INFO - Found code-base-name: https://github.com/kavia-common/rialto-ocdm-163538.git:kavia-6.0.0-rc1
2025-08-26 07:20:20,481 - Knowledge - INFO - Found code_base: <app.utils.kg_build.knowledge.KnowledgeCodeBase object at 0x7f100d0c1450>
2025-08-26 07:20:20,591 - Knowledge - INFO - process ingested knowledge for /app/data/b2c/163538/b8982ah/rialto-ocdm-163538/tests/mocks/OcdmSessionsCallbacksMock.h
2025-08-26 07:20:20,665 - Knowledge - INFO - Found code-base-name: https://github.com/kavia-common/rialto-ocdm-163538.git:kavia-6.0.0-rc1
2025-08-26 07:20:20,755 - Knowledge - INFO - Found code_base: <app.utils.kg_build.knowledge.KnowledgeCodeBase object at 0x7f100d0c1450>
2025-08-26 07:20:20,833 - Knowledge - INFO - process ingested knowledge for /app/data/b2c/163538/b8982ah/rialto-ocdm-163538/tests/ut/OpenCdmTests.cpp
2025-08-26 07:20:20,930 - Knowledge - INFO - Found code-base-name: https://github.com/kavia-common/rialto-ocdm-163538.git:kavia-6.0.0-rc1
2025-08-26 07:20:21,015 - Knowledge - INFO - Found code_base: <app.utils.kg_build.knowledge.KnowledgeCodeBase object at 0x7f100d0c1450>
2025-08-26 07:20:21,099 - Knowledge - INFO - process ingested knowledge for /app/data/b2c/163538/b8982ah/rialto-ocdm-163538/tests/third-party/source/OcdmSessionsCallbacks.cpp
2025-08-26 07:20:21,219 - Knowledge - INFO - Found code-base-name: https://github.com/kavia-common/rialto-ocdm-163538.git:kavia-6.0.0-rc1
2025-08-26 07:20:21,309 - Knowledge - INFO - Found code_base: <app.utils.kg_build.knowledge.KnowledgeCodeBase object at 0x7f100d0c1450>
2025-08-26 07:20:21,396 - Knowledge - INFO - process ingested knowledge for /app/data/b2c/163538/b8982ah/rialto-ocdm-163538/tests/mocks/MediaKeysCapabilitiesMock.h
2025-08-26 07:20:21,490 - Knowledge - INFO - Found code-base-name: https://github.com/kavia-common/rialto-ocdm-163538.git:kavia-6.0.0-rc1
2025-08-26 07:20:21,553 - Knowledge - INFO - Found code_base: <app.utils.kg_build.knowledge.KnowledgeCodeBase object at 0x7f100d0c1450>
2025-08-26 07:20:21,650 - Knowledge - INFO - process ingested knowledge for /app/data/b2c/163538/b8982ah/rialto-ocdm-163538/tests/mocks/CMakeLists.txt
2025-08-26 07:20:21,731 - Knowledge - INFO - Found code-base-name: https://github.com/kavia-common/rialto-ocdm-163538.git:kavia-6.0.0-rc1
2025-08-26 07:20:21,805 - Knowledge - INFO - Found code_base: <app.utils.kg_build.knowledge.KnowledgeCodeBase object at 0x7f100d0c1450>
2025-08-26 07:20:21,925 - Knowledge - INFO - process ingested knowledge for /app/data/b2c/163538/b8982ah/rialto-ocdm-163538/tests/ut/MediaKeysCapabilitiesBackendTests.cpp
2025-08-26 07:20:22,134 - Knowledge - INFO - Found code-base-name: https://github.com/kavia-common/rialto-ocdm-163538.git:kavia-6.0.0-rc1
2025-08-26 07:20:22,218 - Knowledge - INFO - Found code_base: <app.utils.kg_build.knowledge.KnowledgeCodeBase object at 0x7f100d0c1450>
2025-08-26 07:20:22,339 - Knowledge - INFO - process ingested knowledge for /app/data/b2c/163538/b8982ah/rialto-ocdm-163538/cmake/googletest.cmake
2025-08-26 07:20:22,413 - Knowledge - INFO - Found code-base-name: https://github.com/kavia-common/rialto-ocdm-163538.git:kavia-6.0.0-rc1
2025-08-26 07:20:22,494 - Knowledge - INFO - Found code_base: <app.utils.kg_build.knowledge.KnowledgeCodeBase object at 0x7f100d0c1450>
2025-08-26 07:20:22,574 - Knowledge - INFO - process ingested knowledge for /app/data/b2c/163538/b8982ah/rialto-ocdm-163538/library/include/OpenCDMSessionPrivate.h
2025-08-26 07:20:22,674 - Knowledge - INFO - Found code-base-name: https://github.com/kavia-common/rialto-ocdm-163538.git:kavia-6.0.0-rc1
2025-08-26 07:20:22,766 - Knowledge - INFO - Found code_base: <app.utils.kg_build.knowledge.KnowledgeCodeBase object at 0x7f100d0c1450>
2025-08-26 07:20:22,859 - Knowledge - INFO - process ingested knowledge for /app/data/b2c/163538/b8982ah/rialto-ocdm-163538/library/CMakeLists.txt
2025-08-26 07:20:22,964 - Knowledge - INFO - Found code-base-name: https://github.com/kavia-common/rialto-ocdm-163538.git:kavia-6.0.0-rc1
2025-08-26 07:20:23,037 - Knowledge - INFO - Found code_base: <app.utils.kg_build.knowledge.KnowledgeCodeBase object at 0x7f100d0c1450>
2025-08-26 07:20:23,113 - Knowledge - INFO - process ingested knowledge for /app/data/b2c/163538/b8982ah/rialto-ocdm-163538/library/include/ICdmBackend.h
2025-08-26 07:20:23,210 - Knowledge - INFO - Found code-base-name: https://github.com/kavia-common/rialto-ocdm-163538.git:kavia-6.0.0-rc1
2025-08-26 07:20:23,303 - Knowledge - INFO - Found code_base: <app.utils.kg_build.knowledge.KnowledgeCodeBase object at 0x7f100d0c1450>
2025-08-26 07:20:23,387 - Knowledge - INFO - process ingested knowledge for /app/data/b2c/163538/b8982ah/rialto-ocdm-163538/library/include/IMessageDispatcher.h
2025-08-26 07:20:23,477 - Knowledge - INFO - Found code-base-name: https://github.com/kavia-common/rialto-ocdm-163538.git:kavia-6.0.0-rc1
2025-08-26 07:20:23,553 - Knowledge - INFO - Found code_base: <app.utils.kg_build.knowledge.KnowledgeCodeBase object at 0x7f100d0c1450>
2025-08-26 07:20:23,642 - Knowledge - INFO - process ingested knowledge for /app/data/b2c/163538/b8982ah/rialto-ocdm-163538/tests/mocks/MessageDispatcherMock.h
2025-08-26 07:20:23,730 - Knowledge - INFO - Found code-base-name: https://github.com/kavia-common/rialto-ocdm-163538.git:kavia-6.0.0-rc1
2025-08-26 07:20:23,863 - Knowledge - INFO - Found code_base: <app.utils.kg_build.knowledge.KnowledgeCodeBase object at 0x7f100d0c1450>
2025-08-26 07:20:23,951 - Knowledge - INFO - process ingested knowledge for /app/data/b2c/163538/b8982ah/rialto-ocdm-163538/tests/mocks/MediaKeysMock.h
2025-08-26 07:20:24,047 - Knowledge - INFO - Found code-base-name: https://github.com/kavia-common/rialto-ocdm-163538.git:kavia-6.0.0-rc1
2025-08-26 07:20:24,128 - Knowledge - INFO - Found code_base: <app.utils.kg_build.knowledge.KnowledgeCodeBase object at 0x7f100d0c1450>
2025-08-26 07:20:24,218 - Knowledge - INFO - process ingested knowledge for /app/data/b2c/163538/b8982ah/rialto-ocdm-163538/tests/mocks/CdmBackendMock.h
2025-08-26 07:20:24,316 - Knowledge - INFO - Found code-base-name: https://github.com/kavia-common/rialto-ocdm-163538.git:kavia-6.0.0-rc1
2025-08-26 07:20:24,401 - Knowledge - INFO - Found code_base: <app.utils.kg_build.knowledge.KnowledgeCodeBase object at 0x7f100d0c1450>
2025-08-26 07:20:24,492 - Knowledge - INFO - process ingested knowledge for /app/data/b2c/163538/b8982ah/rialto-ocdm-163538/tests/ut/MessageDispatcherTests.cpp
2025-08-26 07:20:24,588 - Knowledge - INFO - Found code-base-name: https://github.com/kavia-common/rialto-ocdm-163538.git:kavia-6.0.0-rc1
2025-08-26 07:20:24,668 - Knowledge - INFO - Found code_base: <app.utils.kg_build.knowledge.KnowledgeCodeBase object at 0x7f100d0c1450>
2025-08-26 07:20:24,758 - Knowledge - INFO - process ingested knowledge for /app/data/b2c/163538/b8982ah/rialto-ocdm-163538/TERMS.md
2025-08-26 07:20:24,880 - Knowledge - INFO - Found code-base-name: https://github.com/kavia-common/rialto-ocdm-163538.git:kavia-6.0.0-rc1
2025-08-26 07:20:24,966 - Knowledge - INFO - Found code_base: <app.utils.kg_build.knowledge.KnowledgeCodeBase object at 0x7f100d0c1450>
2025-08-26 07:20:25,046 - Knowledge - INFO - process ingested knowledge for /app/data/b2c/163538/b8982ah/rialto-ocdm-163538/library/source/open_cdm_adapter.cpp
2025-08-26 07:20:25,137 - Knowledge - INFO - Found code-base-name: https://github.com/kavia-common/rialto-ocdm-163538.git:kavia-6.0.0-rc1
2025-08-26 07:20:25,235 - Knowledge - INFO - Found code_base: <app.utils.kg_build.knowledge.KnowledgeCodeBase object at 0x7f100d0c1450>
2025-08-26 07:20:25,319 - Knowledge - INFO - process ingested knowledge for /app/data/b2c/163538/b8982ah/rialto-ocdm-163538/library/source/open_cdm.cpp
2025-08-26 07:20:25,411 - Knowledge - INFO - Found code-base-name: https://github.com/kavia-common/rialto-ocdm-163538.git:kavia-6.0.0-rc1
2025-08-26 07:20:25,493 - Knowledge - INFO - Found code_base: <app.utils.kg_build.knowledge.KnowledgeCodeBase object at 0x7f100d0c1450>
2025-08-26 07:20:25,565 - Knowledge - INFO - process ingested knowledge for /app/data/b2c/163538/b8982ah/rialto-ocdm-163538/scripts/valgrind/process_valgrind_results.py
2025-08-26 07:20:25,652 - Knowledge - INFO - Found code-base-name: https://github.com/kavia-common/rialto-ocdm-163538.git:kavia-6.0.0-rc1
2025-08-26 07:20:25,771 - Knowledge - INFO - Found code_base: <app.utils.kg_build.knowledge.KnowledgeCodeBase object at 0x7f100d0c1450>
2025-08-26 07:20:25,859 - Knowledge - INFO - process ingested knowledge for /app/data/b2c/163538/b8982ah/rialto-ocdm-163538/library/source/open_cdm_ext.cpp
2025-08-26 07:20:25,956 - Knowledge - INFO - Found code-base-name: https://github.com/kavia-common/rialto-ocdm-163538.git:kavia-6.0.0-rc1
2025-08-26 07:20:26,036 - Knowledge - INFO - Found code_base: <app.utils.kg_build.knowledge.KnowledgeCodeBase object at 0x7f100d0c1450>
2025-08-26 07:20:26,160 - Knowledge - INFO - process ingested knowledge for /app/data/b2c/163538/b8982ah/rialto-ocdm-163538/tests/ut/CdmBackendTests.cpp
2025-08-26 07:20:26,298 - Knowledge - INFO - Found code-base-name: https://github.com/kavia-common/rialto-ocdm-163538.git:kavia-6.0.0-rc1
2025-08-26 07:20:26,377 - Knowledge - INFO - Found code_base: <app.utils.kg_build.knowledge.KnowledgeCodeBase object at 0x7f100d0c1450>
2025-08-26 07:20:26,472 - Knowledge - INFO - process ingested knowledge for /app/data/b2c/163538/b8982ah/rialto-ocdm-163538/library/source/OpenCDMSessionPrivate.cpp
2025-08-26 07:20:26,592 - Knowledge - INFO - Found code-base-name: https://github.com/kavia-common/rialto-ocdm-163538.git:kavia-6.0.0-rc1
2025-08-26 07:20:26,669 - Knowledge - INFO - Found code_base: <app.utils.kg_build.knowledge.KnowledgeCodeBase object at 0x7f100d0c1450>
2025-08-26 07:20:26,772 - Knowledge - INFO - process ingested knowledge for /app/data/b2c/163538/b8982ah/rialto-ocdm-163538/CMakeLists.txt
2025-08-26 07:20:26,889 - Knowledge - INFO - Found code-base-name: https://github.com/kavia-common/rialto-ocdm-163538.git:kavia-6.0.0-rc1
2025-08-26 07:20:26,970 - Knowledge - INFO - Found code_base: <app.utils.kg_build.knowledge.KnowledgeCodeBase object at 0x7f100d0c1450>
2025-08-26 07:20:27,088 - Knowledge - INFO - process ingested knowledge for /app/data/b2c/163538/b8982ah/rialto-ocdm-163538/tests/third-party/source/MediaKeysFactory.cpp
2025-08-26 07:20:27,199 - Knowledge - INFO - Found code-base-name: https://github.com/kavia-common/rialto-ocdm-163538.git:kavia-6.0.0-rc1
2025-08-26 07:20:27,280 - Knowledge - INFO - Found code_base: <app.utils.kg_build.knowledge.KnowledgeCodeBase object at 0x7f100d0c1450>
2025-08-26 07:20:27,388 - Knowledge - INFO - process ingested knowledge for /app/data/b2c/163538/b8982ah/rialto-ocdm-163538/tests/ut/LoggerTests.cpp
2025-08-26 07:20:27,477 - Knowledge - INFO - Found code-base-name: https://github.com/kavia-common/rialto-ocdm-163538.git:kavia-6.0.0-rc1
2025-08-26 07:20:27,560 - Knowledge - INFO - Found code_base: <app.utils.kg_build.knowledge.KnowledgeCodeBase object at 0x7f100d0c1450>
2025-08-26 07:20:27,646 - Knowledge - INFO - process ingested knowledge for /app/data/b2c/163538/b8982ah/rialto-ocdm-163538/library/include/RialtoGStreamerEMEProtectionMetadata.h
2025-08-26 07:20:27,729 - Knowledge - INFO - Found code-base-name: https://github.com/kavia-common/rialto-ocdm-163538.git:kavia-6.0.0-rc1
2025-08-26 07:20:27,808 - Knowledge - INFO - Found code_base: <app.utils.kg_build.knowledge.KnowledgeCodeBase object at 0x7f100d0c1450>
2025-08-26 07:20:27,890 - Knowledge - INFO - process ingested knowledge for /app/data/b2c/163538/b8982ah/rialto-ocdm-163538/library/source/CdmBackend.cpp
2025-08-26 07:20:27,985 - Knowledge - INFO - Found code-base-name: https://github.com/kavia-common/rialto-ocdm-163538.git:kavia-6.0.0-rc1
2025-08-26 07:20:28,090 - Knowledge - INFO - Found code_base: <app.utils.kg_build.knowledge.KnowledgeCodeBase object at 0x7f100d0c1450>
2025-08-26 07:20:28,166 - Knowledge - INFO - process ingested knowledge for /app/data/b2c/163538/b8982ah/rialto-ocdm-163538/scripts/cpplint/cpplint.py
2025-08-26 07:20:28,251 - Knowledge - INFO - Found code-base-name: https://github.com/kavia-common/rialto-ocdm-163538.git:kavia-6.0.0-rc1
2025-08-26 07:20:28,319 - Knowledge - INFO - Found code_base: <app.utils.kg_build.knowledge.KnowledgeCodeBase object at 0x7f100d0c1450>
2025-08-26 07:20:28,408 - Knowledge - INFO - process ingested knowledge for /app/data/b2c/163538/b8982ah/rialto-ocdm-163538/library/source/MessageDispatcher.cpp
2025-08-26 07:20:28,490 - Knowledge - INFO - Found code-base-name: https://github.com/kavia-common/rialto-ocdm-163538.git:kavia-6.0.0-rc1
2025-08-26 07:20:28,587 - Knowledge - INFO - Found code_base: <app.utils.kg_build.knowledge.KnowledgeCodeBase object at 0x7f100d0c1450>
2025-08-26 07:20:28,700 - Knowledge - INFO - process ingested knowledge for /app/data/b2c/163538/b8982ah/rialto-ocdm-163538/tests/ut/ActiveSessionsTests.cpp
2025-08-26 07:20:28,819 - Knowledge - INFO - Found code-base-name: https://github.com/kavia-common/rialto-ocdm-163538.git:kavia-6.0.0-rc1
2025-08-26 07:20:28,907 - Knowledge - INFO - Found code_base: <app.utils.kg_build.knowledge.KnowledgeCodeBase object at 0x7f100d0c1450>
2025-08-26 07:20:28,997 - Knowledge - INFO - process ingested knowledge for /app/data/b2c/163538/b8982ah/rialto-ocdm-163538/tests/ut/OpenCdmSystemTests.cpp
2025-08-26 07:20:29,125 - Knowledge - INFO - Found code-base-name: https://github.com/kavia-common/rialto-ocdm-163538.git:kavia-6.0.0-rc1
2025-08-26 07:20:29,215 - Knowledge - INFO - Found code_base: <app.utils.kg_build.knowledge.KnowledgeCodeBase object at 0x7f100d0c1450>
2025-08-26 07:20:29,293 - Knowledge - INFO - process ingested knowledge for /app/data/b2c/163538/b8982ah/rialto-ocdm-163538/tests/mocks/MediaKeysClientMock.h
2025-08-26 07:20:29,387 - Knowledge - INFO - Found code-base-name: https://github.com/kavia-common/rialto-ocdm-163538.git:kavia-6.0.0-rc1
2025-08-26 07:20:29,461 - Knowledge - INFO - Found code_base: <app.utils.kg_build.knowledge.KnowledgeCodeBase object at 0x7f100d0c1450>
2025-08-26 07:20:29,564 - Knowledge - INFO - process ingested knowledge for /app/data/b2c/163538/b8982ah/rialto-ocdm-163538/tests/mocks/MessageDispatcherClientMock.h
2025-08-26 07:20:29,675 - Knowledge - INFO - Found code-base-name: https://github.com/kavia-common/rialto-ocdm-163538.git:kavia-6.0.0-rc1
2025-08-26 07:20:29,755 - Knowledge - INFO - Found code_base: <app.utils.kg_build.knowledge.KnowledgeCodeBase object at 0x7f100d0c1450>
2025-08-26 07:20:29,865 - Knowledge - INFO - process ingested knowledge for /app/data/b2c/163538/b8982ah/rialto-ocdm-163538/library/include/MessageDispatcher.h
2025-08-26 07:20:29,947 - Knowledge - INFO - Found code-base-name: https://github.com/kavia-common/rialto-ocdm-163538.git:kavia-6.0.0-rc1
2025-08-26 07:20:30,019 - Knowledge - INFO - Found code_base: <app.utils.kg_build.knowledge.KnowledgeCodeBase object at 0x7f100d0c1450>
2025-08-26 07:20:30,109 - Knowledge - INFO - process ingested knowledge for /app/data/b2c/163538/b8982ah/rialto-ocdm-163538/library/source/RialtoGStreamerEMEProtectionMetadata.cpp
2025-08-26 07:20:30,240 - Knowledge - INFO - Found code-base-name: https://github.com/kavia-common/rialto-ocdm-163538.git:kavia-6.0.0-rc1
2025-08-26 07:20:30,322 - Knowledge - INFO - Found code_base: <app.utils.kg_build.knowledge.KnowledgeCodeBase object at 0x7f100d0c1450>
2025-08-26 07:20:30,407 - Knowledge - INFO - process ingested knowledge for /app/data/b2c/163538/b8982ah/rialto-ocdm-163538/tests/mocks/OpenCDMSystemMock.h
2025-08-26 07:20:30,515 - Knowledge - INFO - Found code-base-name: https://github.com/kavia-common/rialto-ocdm-163538.git:kavia-6.0.0-rc1
2025-08-26 07:20:30,597 - Knowledge - INFO - Found code_base: <app.utils.kg_build.knowledge.KnowledgeCodeBase object at 0x7f100d0c1450>
2025-08-26 07:20:30,671 - Knowledge - INFO - process ingested knowledge for /app/data/b2c/163538/b8982ah/rialto-ocdm-163538/library/include/CdmBackend.h
2025-08-26 07:20:30,750 - Knowledge - INFO - Found code-base-name: https://github.com/kavia-common/rialto-ocdm-163538.git:kavia-6.0.0-rc1
2025-08-26 07:20:30,831 - Knowledge - INFO - Found code_base: <app.utils.kg_build.knowledge.KnowledgeCodeBase object at 0x7f100d0c1450>
2025-08-26 07:20:30,912 - Knowledge - INFO - process ingested knowledge for /app/data/b2c/163538/b8982ah/rialto-ocdm-163538/library/source/Logger.cpp
2025-08-26 07:20:30,999 - Knowledge - INFO - Found code-base-name: https://github.com/kavia-common/rialto-ocdm-163538.git:kavia-6.0.0-rc1
2025-08-26 07:20:31,079 - Knowledge - INFO - Found code_base: <app.utils.kg_build.knowledge.KnowledgeCodeBase object at 0x7f100d0c1450>
2025-08-26 07:20:31,192 - Knowledge - INFO - process ingested knowledge for /app/data/b2c/163538/b8982ah/rialto-ocdm-163538/tests/ut/OpenCdmExtTests.cpp
2025-08-26 07:20:31,319 - Knowledge - INFO - Found code-base-name: https://github.com/kavia-common/rialto-ocdm-163538.git:kavia-6.0.0-rc1
2025-08-26 07:20:31,424 - Knowledge - INFO - Found code_base: <app.utils.kg_build.knowledge.KnowledgeCodeBase object at 0x7f100d0c1450>
2025-08-26 07:20:31,502 - Knowledge - INFO - process ingested knowledge for /app/data/b2c/163538/b8982ah/rialto-ocdm-163538/tests/ut/OpenCdmAdapterTests.cpp
2025-08-26 07:20:31,621 - Knowledge - INFO - Found code-base-name: https://github.com/kavia-common/rialto-ocdm-163538.git:kavia-6.0.0-rc1
2025-08-26 07:20:31,718 - Knowledge - INFO - Found code_base: <app.utils.kg_build.knowledge.KnowledgeCodeBase object at 0x7f100d0c1450>
2025-08-26 07:20:31,789 - Knowledge - INFO - process ingested knowledge for /app/data/b2c/163538/b8982ah/rialto-ocdm-163538/README.md
2025-08-26 07:20:31,867 - Knowledge - INFO - Found code-base-name: https://github.com/kavia-common/rialto-ocdm-163538.git:kavia-6.0.0-rc1
2025-08-26 07:20:31,974 - Knowledge - INFO - Found code_base: <app.utils.kg_build.knowledge.KnowledgeCodeBase object at 0x7f100d0c1450>
2025-08-26 07:20:32,057 - Knowledge - INFO - process ingested knowledge for /app/data/b2c/163538/b8982ah/rialto-ocdm-163538/scripts/clang-format/process_clang-format_errors.py
2025-08-26 07:20:32,186 - Knowledge - INFO - Found code-base-name: https://github.com/kavia-common/rialto-ocdm-163538.git:kavia-6.0.0-rc1
2025-08-26 07:20:32,262 - Knowledge - INFO - Found code_base: <app.utils.kg_build.knowledge.KnowledgeCodeBase object at 0x7f100d0c1450>
2025-08-26 07:20:32,354 - Knowledge - INFO - process ingested knowledge for /app/data/b2c/163538/b8982ah/rialto-ocdm-163538/cppcheck_suppressions.xml
2025-08-26 07:20:32,453 - Knowledge - INFO - Found code-base-name: https://github.com/kavia-common/rialto-ocdm-163538.git:kavia-6.0.0-rc1
2025-08-26 07:20:32,525 - Knowledge - INFO - Found code_base: <app.utils.kg_build.knowledge.KnowledgeCodeBase object at 0x7f100d0c1450>
2025-08-26 07:20:32,611 - Knowledge - INFO - process ingested knowledge for /app/data/b2c/163538/b8982ah/rialto-ocdm-163538/library/include/Logger.h
2025-08-26 07:20:32,702 - Knowledge - INFO - Found code-base-name: https://github.com/kavia-common/rialto-ocdm-163538.git:kavia-6.0.0-rc1
2025-08-26 07:20:32,792 - Knowledge - INFO - Found code_base: <app.utils.kg_build.knowledge.KnowledgeCodeBase object at 0x7f100d0c1450>
2025-08-26 07:20:32,869 - Knowledge - INFO - process ingested knowledge for /app/data/b2c/163538/b8982ah/rialto-ocdm-163538/library/include/OpenCDMSystemPrivate.h
2025-08-26 07:20:32,994 - Knowledge - INFO - Found code-base-name: https://github.com/kavia-common/rialto-ocdm-163538.git:kavia-6.0.0-rc1
2025-08-26 07:20:33,098 - Knowledge - INFO - Found code_base: <app.utils.kg_build.knowledge.KnowledgeCodeBase object at 0x7f100d0c1450>
2025-08-26 07:20:33,201 - Knowledge - INFO - process ingested knowledge for /app/data/b2c/163538/b8982ah/rialto-ocdm-163538/tests/third-party/source/ControlFactory.cpp
2025-08-26 07:20:33,300 - Knowledge - INFO - Found code-base-name: https://github.com/kavia-common/rialto-ocdm-163538.git:kavia-6.0.0-rc1
2025-08-26 07:20:33,401 - Knowledge - INFO - Found code_base: <app.utils.kg_build.knowledge.KnowledgeCodeBase object at 0x7f100d0c1450>
2025-08-26 07:20:33,485 - Knowledge - INFO - process ingested knowledge for /app/data/b2c/163538/b8982ah/rialto-ocdm-163538/docs/index.html
2025-08-26 07:20:33,572 - Knowledge - INFO - Found code-base-name: https://github.com/kavia-common/rialto-ocdm-163538.git:kavia-6.0.0-rc1
2025-08-26 07:20:33,655 - Knowledge - INFO - Found code_base: <app.utils.kg_build.knowledge.KnowledgeCodeBase object at 0x7f100d0c1450>
2025-08-26 07:20:33,738 - Knowledge - INFO - process ingested knowledge for /app/data/b2c/163538/b8982ah/rialto-ocdm-163538/library/source/MediaKeysCapabilitiesBackend.cpp
2025-08-26 07:20:33,831 - Knowledge - INFO - Found code-base-name: https://github.com/kavia-common/rialto-ocdm-163538.git:kavia-6.0.0-rc1
2025-08-26 07:20:33,917 - Knowledge - INFO - Found code_base: <app.utils.kg_build.knowledge.KnowledgeCodeBase object at 0x7f100d0c1450>
2025-08-26 07:20:33,999 - Knowledge - INFO - process ingested knowledge for /app/data/b2c/163538/b8982ah/rialto-ocdm-163538/library/source/OpenCDMSystemPrivate.cpp
2025-08-26 07:20:34,089 - Knowledge - INFO - Found code-base-name: https://github.com/kavia-common/rialto-ocdm-163538.git:kavia-6.0.0-rc1
2025-08-26 07:20:34,176 - Knowledge - INFO - Found code_base: <app.utils.kg_build.knowledge.KnowledgeCodeBase object at 0x7f100d0c1450>
2025-08-26 07:20:34,280 - Knowledge - INFO - process ingested knowledge for /app/data/b2c/163538/b8982ah/rialto-ocdm-163538/cmake/FindRialto.cmake
2025-08-26 07:20:34,388 - Knowledge - INFO - Found code-base-name: https://github.com/kavia-common/rialto-ocdm-163538.git:kavia-6.0.0-rc1
2025-08-26 07:20:34,503 - Knowledge - INFO - Found code_base: <app.utils.kg_build.knowledge.KnowledgeCodeBase object at 0x7f100d0c1450>
2025-08-26 07:20:34,604 - Knowledge - INFO - process ingested knowledge for /app/data/b2c/163538/b8982ah/rialto-ocdm-163538/library/include/MediaKeysCapabilitiesBackend.h
2025-08-26 07:20:34,683 - Knowledge - INFO - Found code-base-name: https://github.com/kavia-common/rialto-ocdm-163538.git:kavia-6.0.0-rc1
2025-08-26 07:20:34,773 - Knowledge - INFO - Found code_base: <app.utils.kg_build.knowledge.KnowledgeCodeBase object at 0x7f100d0c1450>
2025-08-26 07:20:34,891 - Knowledge - INFO - process ingested knowledge for /app/data/b2c/163538/b8982ah/rialto-ocdm-163538/CHANGELOG.md
2025-08-26 07:20:34,969 - Knowledge - INFO - Found code-base-name: https://github.com/kavia-common/rialto-ocdm-163538.git:kavia-6.0.0-rc1
2025-08-26 07:20:35,087 - Knowledge - INFO - Found code_base: <app.utils.kg_build.knowledge.KnowledgeCodeBase object at 0x7f100d0c1450>
2025-08-26 07:20:35,198 - Knowledge - INFO - process ingested knowledge for /app/data/b2c/163538/b8982ah/rialto-ocdm-163538/CONTRIBUTING.md
2025-08-26 07:20:35,285 - Knowledge - INFO - Found code-base-name: https://github.com/kavia-common/rialto-ocdm-163538.git:kavia-6.0.0-rc1
2025-08-26 07:20:35,396 - Knowledge - INFO - Found code_base: <app.utils.kg_build.knowledge.KnowledgeCodeBase object at 0x7f100d0c1450>
2025-08-26 07:20:35,472 - Knowledge - INFO - process ingested knowledge for /app/data/b2c/163538/b8982ah/rialto-ocdm-163538/library/include/OpenCDMSession.h
2025-08-26 07:20:35,580 - Knowledge - INFO - Found code-base-name: https://github.com/kavia-common/rialto-ocdm-163538.git:kavia-6.0.0-rc1
2025-08-26 07:20:35,696 - Knowledge - INFO - Found code_base: <app.utils.kg_build.knowledge.KnowledgeCodeBase object at 0x7f100d0c1450>
2025-08-26 07:20:35,778 - Knowledge - INFO - process ingested knowledge for /app/data/b2c/163538/b8982ah/rialto-ocdm-163538/tests/third-party/CMakeLists.txt
2025-08-26 07:20:35,897 - Knowledge - INFO - Found code-base-name: https://github.com/kavia-common/rialto-ocdm-163538.git:kavia-6.0.0-rc1
2025-08-26 07:20:35,988 - Knowledge - INFO - Found code_base: <app.utils.kg_build.knowledge.KnowledgeCodeBase object at 0x7f100d0c1450>
2025-08-26 07:20:36,098 - Knowledge - INFO - process ingested knowledge for /app/data/b2c/163538/b8982ah/rialto-ocdm-163538/tests/mocks/ControlMock.h
2025-08-26 07:20:36,181 - Knowledge - INFO - Found code-base-name: https://github.com/kavia-common/rialto-ocdm-163538.git:kavia-6.0.0-rc1
2025-08-26 07:20:36,268 - Knowledge - INFO - Found code_base: <app.utils.kg_build.knowledge.KnowledgeCodeBase object at 0x7f100d0c1450>
2025-08-26 07:20:36,388 - Knowledge - INFO - process ingested knowledge for /app/data/b2c/163538/b8982ah/rialto-ocdm-163538/build_ut.py
2025-08-26 07:20:36,511 - Knowledge - INFO - load persisted knowledge: end
2025-08-26 07:20:36,584 - Knowledge - INFO - load persisted docinfo: begin
2025-08-26 07:20:36,666 - Knowledge - INFO - load persisted docinfo: end
2025-08-26 07:20:36,836 - Knowledge - INFO - worker kw1 created with dedicated MongoDB connection (total: 1)
2025-08-26 07:20:36,949 - Knowledge - INFO - knowledge worker kw1 start
2025-08-26 07:20:37,058 - Knowledge - INFO - Knowledge creation complete
2025-08-26 07:20:37,170 - Knowledge - INFO - Updating org costs, total cost: 0
2025-08-26 07:20:37,964 - Knowledge - INFO - Saving knowledge to Redis...
2025-08-26 07:20:38,081 - Knowledge - INFO - Knowledge saved to Redis successfully
2025-08-26 09:09:16,188 - Knowledge - INFO - Redis support added with prefix knowledge:b8982ah:
2025-08-26 09:09:16,660 - Knowledge - INFO - load persisted knowledge: begin
2025-08-26 09:09:16,784 - Knowledge - INFO - Found code-base-name: https://github.com/kavia-common/rialto-ocdm-163538.git:kavia-6.0.0-rc1
2025-08-26 09:09:16,887 - Knowledge - INFO - Found code_base: <app.utils.kg_build.knowledge.KnowledgeCodeBase object at 0x7fc9b5278590>
2025-08-26 09:09:16,992 - Knowledge - INFO - process ingested knowledge for /app/data/b2c/163538/b8982ah/rialto-ocdm-163538/library/include/ActiveSessions.h
2025-08-26 09:09:17,102 - Knowledge - INFO - Found code-base-name: https://github.com/kavia-common/rialto-ocdm-163538.git:kavia-6.0.0-rc1
2025-08-26 09:09:17,228 - Knowledge - INFO - Found code_base: <app.utils.kg_build.knowledge.KnowledgeCodeBase object at 0x7fc9b5278590>
2025-08-26 09:09:17,328 - Knowledge - INFO - process ingested knowledge for /app/data/b2c/163538/b8982ah/rialto-ocdm-163538/tests/mocks/OpenCDMSessionMock.h
2025-08-26 09:09:17,426 - Knowledge - INFO - Found code-base-name: https://github.com/kavia-common/rialto-ocdm-163538.git:kavia-6.0.0-rc1
2025-08-26 09:09:17,510 - Knowledge - INFO - Found code_base: <app.utils.kg_build.knowledge.KnowledgeCodeBase object at 0x7fc9b5278590>
2025-08-26 09:09:17,588 - Knowledge - INFO - process ingested knowledge for /app/data/b2c/163538/b8982ah/rialto-ocdm-163538/library/include/OpenCDMSystem.h
2025-08-26 09:09:17,699 - Knowledge - INFO - Found code-base-name: https://github.com/kavia-common/rialto-ocdm-163538.git:kavia-6.0.0-rc1
2025-08-26 09:09:17,781 - Knowledge - INFO - Found code_base: <app.utils.kg_build.knowledge.KnowledgeCodeBase object at 0x7fc9b5278590>
2025-08-26 09:09:17,899 - Knowledge - INFO - process ingested knowledge for /app/data/b2c/163538/b8982ah/rialto-ocdm-163538/tests/ut/CMakeLists.txt
2025-08-26 09:09:17,991 - Knowledge - INFO - Found code-base-name: https://github.com/kavia-common/rialto-ocdm-163538.git:kavia-6.0.0-rc1
2025-08-26 09:09:18,103 - Knowledge - INFO - Found code_base: <app.utils.kg_build.knowledge.KnowledgeCodeBase object at 0x7fc9b5278590>
2025-08-26 09:09:18,185 - Knowledge - INFO - process ingested knowledge for /app/data/b2c/163538/b8982ah/rialto-ocdm-163538/library/source/ActiveSessions.cpp
2025-08-26 09:09:18,312 - Knowledge - INFO - Found code-base-name: https://github.com/kavia-common/rialto-ocdm-163538.git:kavia-6.0.0-rc1
2025-08-26 09:09:18,393 - Knowledge - INFO - Found code_base: <app.utils.kg_build.knowledge.KnowledgeCodeBase object at 0x7fc9b5278590>
2025-08-26 09:09:18,506 - Knowledge - INFO - process ingested knowledge for /app/data/b2c/163538/b8982ah/rialto-ocdm-163538/tests/third-party/source/MediaKeysCapabilitiesFactory.cpp
2025-08-26 09:09:18,644 - Knowledge - INFO - Found code-base-name: https://github.com/kavia-common/rialto-ocdm-163538.git:kavia-6.0.0-rc1
2025-08-26 09:09:18,734 - Knowledge - INFO - Found code_base: <app.utils.kg_build.knowledge.KnowledgeCodeBase object at 0x7fc9b5278590>
2025-08-26 09:09:18,866 - Knowledge - INFO - process ingested knowledge for /app/data/b2c/163538/b8982ah/rialto-ocdm-163538/tests/ut/OpenCdmSessionTests.cpp
2025-08-26 09:09:18,975 - Knowledge - INFO - Found code-base-name: https://github.com/kavia-common/rialto-ocdm-163538.git:kavia-6.0.0-rc1
2025-08-26 09:09:19,076 - Knowledge - INFO - Found code_base: <app.utils.kg_build.knowledge.KnowledgeCodeBase object at 0x7fc9b5278590>
2025-08-26 09:09:19,199 - Knowledge - INFO - process ingested knowledge for /app/data/b2c/163538/b8982ah/rialto-ocdm-163538/tests/mocks/OcdmSessionsCallbacksMock.h
2025-08-26 09:09:19,285 - Knowledge - INFO - Found code-base-name: https://github.com/kavia-common/rialto-ocdm-163538.git:kavia-6.0.0-rc1
2025-08-26 09:09:19,371 - Knowledge - INFO - Found code_base: <app.utils.kg_build.knowledge.KnowledgeCodeBase object at 0x7fc9b5278590>
2025-08-26 09:09:19,452 - Knowledge - INFO - process ingested knowledge for /app/data/b2c/163538/b8982ah/rialto-ocdm-163538/tests/ut/OpenCdmTests.cpp
2025-08-26 09:09:19,582 - Knowledge - INFO - Found code-base-name: https://github.com/kavia-common/rialto-ocdm-163538.git:kavia-6.0.0-rc1
2025-08-26 09:09:19,715 - Knowledge - INFO - Found code_base: <app.utils.kg_build.knowledge.KnowledgeCodeBase object at 0x7fc9b5278590>
2025-08-26 09:09:19,823 - Knowledge - INFO - process ingested knowledge for /app/data/b2c/163538/b8982ah/rialto-ocdm-163538/tests/third-party/source/OcdmSessionsCallbacks.cpp
2025-08-26 09:09:19,933 - Knowledge - INFO - Found code-base-name: https://github.com/kavia-common/rialto-ocdm-163538.git:kavia-6.0.0-rc1
2025-08-26 09:09:20,009 - Knowledge - INFO - Found code_base: <app.utils.kg_build.knowledge.KnowledgeCodeBase object at 0x7fc9b5278590>
2025-08-26 09:09:20,131 - Knowledge - INFO - process ingested knowledge for /app/data/b2c/163538/b8982ah/rialto-ocdm-163538/tests/mocks/MediaKeysCapabilitiesMock.h
2025-08-26 09:09:20,257 - Knowledge - INFO - Found code-base-name: https://github.com/kavia-common/rialto-ocdm-163538.git:kavia-6.0.0-rc1
2025-08-26 09:09:20,380 - Knowledge - INFO - Found code_base: <app.utils.kg_build.knowledge.KnowledgeCodeBase object at 0x7fc9b5278590>
2025-08-26 09:09:20,504 - Knowledge - INFO - process ingested knowledge for /app/data/b2c/163538/b8982ah/rialto-ocdm-163538/tests/mocks/CMakeLists.txt
2025-08-26 09:09:20,603 - Knowledge - INFO - Found code-base-name: https://github.com/kavia-common/rialto-ocdm-163538.git:kavia-6.0.0-rc1
2025-08-26 09:09:20,700 - Knowledge - INFO - Found code_base: <app.utils.kg_build.knowledge.KnowledgeCodeBase object at 0x7fc9b5278590>
2025-08-26 09:09:20,810 - Knowledge - INFO - process ingested knowledge for /app/data/b2c/163538/b8982ah/rialto-ocdm-163538/tests/ut/MediaKeysCapabilitiesBackendTests.cpp
2025-08-26 09:09:20,913 - Knowledge - INFO - Found code-base-name: https://github.com/kavia-common/rialto-ocdm-163538.git:kavia-6.0.0-rc1
2025-08-26 09:09:21,021 - Knowledge - INFO - Found code_base: <app.utils.kg_build.knowledge.KnowledgeCodeBase object at 0x7fc9b5278590>
2025-08-26 09:09:21,103 - Knowledge - INFO - process ingested knowledge for /app/data/b2c/163538/b8982ah/rialto-ocdm-163538/cmake/googletest.cmake
2025-08-26 09:09:21,186 - Knowledge - INFO - Found code-base-name: https://github.com/kavia-common/rialto-ocdm-163538.git:kavia-6.0.0-rc1
2025-08-26 09:09:21,260 - Knowledge - INFO - Found code_base: <app.utils.kg_build.knowledge.KnowledgeCodeBase object at 0x7fc9b5278590>
2025-08-26 09:09:21,348 - Knowledge - INFO - process ingested knowledge for /app/data/b2c/163538/b8982ah/rialto-ocdm-163538/library/include/OpenCDMSessionPrivate.h
2025-08-26 09:09:21,463 - Knowledge - INFO - Found code-base-name: https://github.com/kavia-common/rialto-ocdm-163538.git:kavia-6.0.0-rc1
2025-08-26 09:09:21,554 - Knowledge - INFO - Found code_base: <app.utils.kg_build.knowledge.KnowledgeCodeBase object at 0x7fc9b5278590>
2025-08-26 09:09:21,648 - Knowledge - INFO - process ingested knowledge for /app/data/b2c/163538/b8982ah/rialto-ocdm-163538/library/CMakeLists.txt
2025-08-26 09:09:21,782 - Knowledge - INFO - Found code-base-name: https://github.com/kavia-common/rialto-ocdm-163538.git:kavia-6.0.0-rc1
2025-08-26 09:09:21,867 - Knowledge - INFO - Found code_base: <app.utils.kg_build.knowledge.KnowledgeCodeBase object at 0x7fc9b5278590>
2025-08-26 09:09:21,984 - Knowledge - INFO - process ingested knowledge for /app/data/b2c/163538/b8982ah/rialto-ocdm-163538/library/include/ICdmBackend.h
2025-08-26 09:09:22,062 - Knowledge - INFO - Found code-base-name: https://github.com/kavia-common/rialto-ocdm-163538.git:kavia-6.0.0-rc1
2025-08-26 09:09:22,169 - Knowledge - INFO - Found code_base: <app.utils.kg_build.knowledge.KnowledgeCodeBase object at 0x7fc9b5278590>
2025-08-26 09:09:22,273 - Knowledge - INFO - process ingested knowledge for /app/data/b2c/163538/b8982ah/rialto-ocdm-163538/library/include/IMessageDispatcher.h
2025-08-26 09:09:22,385 - Knowledge - INFO - Found code-base-name: https://github.com/kavia-common/rialto-ocdm-163538.git:kavia-6.0.0-rc1
2025-08-26 09:09:22,456 - Knowledge - INFO - Found code_base: <app.utils.kg_build.knowledge.KnowledgeCodeBase object at 0x7fc9b5278590>
2025-08-26 09:09:22,531 - Knowledge - INFO - process ingested knowledge for /app/data/b2c/163538/b8982ah/rialto-ocdm-163538/tests/mocks/MessageDispatcherMock.h
2025-08-26 09:09:22,628 - Knowledge - INFO - Found code-base-name: https://github.com/kavia-common/rialto-ocdm-163538.git:kavia-6.0.0-rc1
2025-08-26 09:09:22,731 - Knowledge - INFO - Found code_base: <app.utils.kg_build.knowledge.KnowledgeCodeBase object at 0x7fc9b5278590>
2025-08-26 09:09:22,807 - Knowledge - INFO - process ingested knowledge for /app/data/b2c/163538/b8982ah/rialto-ocdm-163538/tests/mocks/MediaKeysMock.h
2025-08-26 09:09:22,936 - Knowledge - INFO - Found code-base-name: https://github.com/kavia-common/rialto-ocdm-163538.git:kavia-6.0.0-rc1
2025-08-26 09:09:23,042 - Knowledge - INFO - Found code_base: <app.utils.kg_build.knowledge.KnowledgeCodeBase object at 0x7fc9b5278590>
2025-08-26 09:09:23,134 - Knowledge - INFO - process ingested knowledge for /app/data/b2c/163538/b8982ah/rialto-ocdm-163538/tests/mocks/CdmBackendMock.h
2025-08-26 09:09:23,207 - Knowledge - INFO - Found code-base-name: https://github.com/kavia-common/rialto-ocdm-163538.git:kavia-6.0.0-rc1
2025-08-26 09:09:23,327 - Knowledge - INFO - Found code_base: <app.utils.kg_build.knowledge.KnowledgeCodeBase object at 0x7fc9b5278590>
2025-08-26 09:09:23,419 - Knowledge - INFO - process ingested knowledge for /app/data/b2c/163538/b8982ah/rialto-ocdm-163538/tests/ut/MessageDispatcherTests.cpp
2025-08-26 09:09:23,501 - Knowledge - INFO - Found code-base-name: https://github.com/kavia-common/rialto-ocdm-163538.git:kavia-6.0.0-rc1
2025-08-26 09:09:23,623 - Knowledge - INFO - Found code_base: <app.utils.kg_build.knowledge.KnowledgeCodeBase object at 0x7fc9b5278590>
2025-08-26 09:09:23,741 - Knowledge - INFO - process ingested knowledge for /app/data/b2c/163538/b8982ah/rialto-ocdm-163538/TERMS.md
2025-08-26 09:09:23,862 - Knowledge - INFO - Found code-base-name: https://github.com/kavia-common/rialto-ocdm-163538.git:kavia-6.0.0-rc1
2025-08-26 09:09:23,984 - Knowledge - INFO - Found code_base: <app.utils.kg_build.knowledge.KnowledgeCodeBase object at 0x7fc9b5278590>
2025-08-26 09:09:24,067 - Knowledge - INFO - process ingested knowledge for /app/data/b2c/163538/b8982ah/rialto-ocdm-163538/library/source/open_cdm_adapter.cpp
2025-08-26 09:09:24,162 - Knowledge - INFO - Found code-base-name: https://github.com/kavia-common/rialto-ocdm-163538.git:kavia-6.0.0-rc1
2025-08-26 09:09:24,286 - Knowledge - INFO - Found code_base: <app.utils.kg_build.knowledge.KnowledgeCodeBase object at 0x7fc9b5278590>
2025-08-26 09:09:24,413 - Knowledge - INFO - process ingested knowledge for /app/data/b2c/163538/b8982ah/rialto-ocdm-163538/library/source/open_cdm.cpp
2025-08-26 09:09:24,498 - Knowledge - INFO - Found code-base-name: https://github.com/kavia-common/rialto-ocdm-163538.git:kavia-6.0.0-rc1
2025-08-26 09:09:24,604 - Knowledge - INFO - Found code_base: <app.utils.kg_build.knowledge.KnowledgeCodeBase object at 0x7fc9b5278590>
2025-08-26 09:09:24,697 - Knowledge - INFO - process ingested knowledge for /app/data/b2c/163538/b8982ah/rialto-ocdm-163538/scripts/valgrind/process_valgrind_results.py
2025-08-26 09:09:24,815 - Knowledge - INFO - Found code-base-name: https://github.com/kavia-common/rialto-ocdm-163538.git:kavia-6.0.0-rc1
2025-08-26 09:09:24,895 - Knowledge - INFO - Found code_base: <app.utils.kg_build.knowledge.KnowledgeCodeBase object at 0x7fc9b5278590>
2025-08-26 09:09:24,985 - Knowledge - INFO - process ingested knowledge for /app/data/b2c/163538/b8982ah/rialto-ocdm-163538/library/source/open_cdm_ext.cpp
2025-08-26 09:09:25,097 - Knowledge - INFO - Found code-base-name: https://github.com/kavia-common/rialto-ocdm-163538.git:kavia-6.0.0-rc1
2025-08-26 09:09:25,227 - Knowledge - INFO - Found code_base: <app.utils.kg_build.knowledge.KnowledgeCodeBase object at 0x7fc9b5278590>
2025-08-26 09:09:25,326 - Knowledge - INFO - process ingested knowledge for /app/data/b2c/163538/b8982ah/rialto-ocdm-163538/tests/ut/CdmBackendTests.cpp
2025-08-26 09:09:25,425 - Knowledge - INFO - Found code-base-name: https://github.com/kavia-common/rialto-ocdm-163538.git:kavia-6.0.0-rc1
2025-08-26 09:09:25,541 - Knowledge - INFO - Found code_base: <app.utils.kg_build.knowledge.KnowledgeCodeBase object at 0x7fc9b5278590>
2025-08-26 09:09:25,656 - Knowledge - INFO - process ingested knowledge for /app/data/b2c/163538/b8982ah/rialto-ocdm-163538/library/source/OpenCDMSessionPrivate.cpp
2025-08-26 09:09:25,765 - Knowledge - INFO - Found code-base-name: https://github.com/kavia-common/rialto-ocdm-163538.git:kavia-6.0.0-rc1
2025-08-26 09:09:25,843 - Knowledge - INFO - Found code_base: <app.utils.kg_build.knowledge.KnowledgeCodeBase object at 0x7fc9b5278590>
2025-08-26 09:09:25,932 - Knowledge - INFO - process ingested knowledge for /app/data/b2c/163538/b8982ah/rialto-ocdm-163538/CMakeLists.txt
2025-08-26 09:09:26,044 - Knowledge - INFO - Found code-base-name: https://github.com/kavia-common/rialto-ocdm-163538.git:kavia-6.0.0-rc1
2025-08-26 09:09:26,122 - Knowledge - INFO - Found code_base: <app.utils.kg_build.knowledge.KnowledgeCodeBase object at 0x7fc9b5278590>
2025-08-26 09:09:26,195 - Knowledge - INFO - process ingested knowledge for /app/data/b2c/163538/b8982ah/rialto-ocdm-163538/tests/third-party/source/MediaKeysFactory.cpp
2025-08-26 09:09:26,320 - Knowledge - INFO - Found code-base-name: https://github.com/kavia-common/rialto-ocdm-163538.git:kavia-6.0.0-rc1
2025-08-26 09:09:26,423 - Knowledge - INFO - Found code_base: <app.utils.kg_build.knowledge.KnowledgeCodeBase object at 0x7fc9b5278590>
2025-08-26 09:09:26,550 - Knowledge - INFO - process ingested knowledge for /app/data/b2c/163538/b8982ah/rialto-ocdm-163538/tests/ut/LoggerTests.cpp
2025-08-26 09:09:26,645 - Knowledge - INFO - Found code-base-name: https://github.com/kavia-common/rialto-ocdm-163538.git:kavia-6.0.0-rc1
2025-08-26 09:09:26,784 - Knowledge - INFO - Found code_base: <app.utils.kg_build.knowledge.KnowledgeCodeBase object at 0x7fc9b5278590>
2025-08-26 09:09:26,914 - Knowledge - INFO - process ingested knowledge for /app/data/b2c/163538/b8982ah/rialto-ocdm-163538/library/include/RialtoGStreamerEMEProtectionMetadata.h
2025-08-26 09:09:27,042 - Knowledge - INFO - Found code-base-name: https://github.com/kavia-common/rialto-ocdm-163538.git:kavia-6.0.0-rc1
2025-08-26 09:09:27,138 - Knowledge - INFO - Found code_base: <app.utils.kg_build.knowledge.KnowledgeCodeBase object at 0x7fc9b5278590>
2025-08-26 09:09:27,231 - Knowledge - INFO - process ingested knowledge for /app/data/b2c/163538/b8982ah/rialto-ocdm-163538/library/source/CdmBackend.cpp
2025-08-26 09:09:27,346 - Knowledge - INFO - Found code-base-name: https://github.com/kavia-common/rialto-ocdm-163538.git:kavia-6.0.0-rc1
2025-08-26 09:09:27,434 - Knowledge - INFO - Found code_base: <app.utils.kg_build.knowledge.KnowledgeCodeBase object at 0x7fc9b5278590>
2025-08-26 09:09:27,551 - Knowledge - INFO - process ingested knowledge for /app/data/b2c/163538/b8982ah/rialto-ocdm-163538/scripts/cpplint/cpplint.py
2025-08-26 09:09:27,640 - Knowledge - INFO - Found code-base-name: https://github.com/kavia-common/rialto-ocdm-163538.git:kavia-6.0.0-rc1
2025-08-26 09:09:27,726 - Knowledge - INFO - Found code_base: <app.utils.kg_build.knowledge.KnowledgeCodeBase object at 0x7fc9b5278590>
2025-08-26 09:09:27,844 - Knowledge - INFO - process ingested knowledge for /app/data/b2c/163538/b8982ah/rialto-ocdm-163538/library/source/MessageDispatcher.cpp
2025-08-26 09:09:27,965 - Knowledge - INFO - Found code-base-name: https://github.com/kavia-common/rialto-ocdm-163538.git:kavia-6.0.0-rc1
2025-08-26 09:09:28,049 - Knowledge - INFO - Found code_base: <app.utils.kg_build.knowledge.KnowledgeCodeBase object at 0x7fc9b5278590>
2025-08-26 09:09:28,135 - Knowledge - INFO - process ingested knowledge for /app/data/b2c/163538/b8982ah/rialto-ocdm-163538/tests/ut/ActiveSessionsTests.cpp
2025-08-26 09:09:28,221 - Knowledge - INFO - Found code-base-name: https://github.com/kavia-common/rialto-ocdm-163538.git:kavia-6.0.0-rc1
2025-08-26 09:09:28,342 - Knowledge - INFO - Found code_base: <app.utils.kg_build.knowledge.KnowledgeCodeBase object at 0x7fc9b5278590>
2025-08-26 09:09:28,432 - Knowledge - INFO - process ingested knowledge for /app/data/b2c/163538/b8982ah/rialto-ocdm-163538/tests/ut/OpenCdmSystemTests.cpp
2025-08-26 09:09:28,524 - Knowledge - INFO - Found code-base-name: https://github.com/kavia-common/rialto-ocdm-163538.git:kavia-6.0.0-rc1
2025-08-26 09:09:28,633 - Knowledge - INFO - Found code_base: <app.utils.kg_build.knowledge.KnowledgeCodeBase object at 0x7fc9b5278590>
2025-08-26 09:09:28,716 - Knowledge - INFO - process ingested knowledge for /app/data/b2c/163538/b8982ah/rialto-ocdm-163538/tests/mocks/MediaKeysClientMock.h
2025-08-26 09:09:28,836 - Knowledge - INFO - Found code-base-name: https://github.com/kavia-common/rialto-ocdm-163538.git:kavia-6.0.0-rc1
2025-08-26 09:09:28,938 - Knowledge - INFO - Found code_base: <app.utils.kg_build.knowledge.KnowledgeCodeBase object at 0x7fc9b5278590>
2025-08-26 09:09:29,021 - Knowledge - INFO - process ingested knowledge for /app/data/b2c/163538/b8982ah/rialto-ocdm-163538/tests/mocks/MessageDispatcherClientMock.h
2025-08-26 09:09:29,115 - Knowledge - INFO - Found code-base-name: https://github.com/kavia-common/rialto-ocdm-163538.git:kavia-6.0.0-rc1
2025-08-26 09:09:29,231 - Knowledge - INFO - Found code_base: <app.utils.kg_build.knowledge.KnowledgeCodeBase object at 0x7fc9b5278590>
2025-08-26 09:09:29,309 - Knowledge - INFO - process ingested knowledge for /app/data/b2c/163538/b8982ah/rialto-ocdm-163538/library/include/MessageDispatcher.h
2025-08-26 09:09:29,431 - Knowledge - INFO - Found code-base-name: https://github.com/kavia-common/rialto-ocdm-163538.git:kavia-6.0.0-rc1
2025-08-26 09:09:29,550 - Knowledge - INFO - Found code_base: <app.utils.kg_build.knowledge.KnowledgeCodeBase object at 0x7fc9b5278590>
2025-08-26 09:09:29,638 - Knowledge - INFO - process ingested knowledge for /app/data/b2c/163538/b8982ah/rialto-ocdm-163538/library/source/RialtoGStreamerEMEProtectionMetadata.cpp
2025-08-26 09:09:29,740 - Knowledge - INFO - Found code-base-name: https://github.com/kavia-common/rialto-ocdm-163538.git:kavia-6.0.0-rc1
2025-08-26 09:09:29,822 - Knowledge - INFO - Found code_base: <app.utils.kg_build.knowledge.KnowledgeCodeBase object at 0x7fc9b5278590>
2025-08-26 09:09:29,905 - Knowledge - INFO - process ingested knowledge for /app/data/b2c/163538/b8982ah/rialto-ocdm-163538/tests/mocks/OpenCDMSystemMock.h
2025-08-26 09:09:30,020 - Knowledge - INFO - Found code-base-name: https://github.com/kavia-common/rialto-ocdm-163538.git:kavia-6.0.0-rc1
2025-08-26 09:09:30,142 - Knowledge - INFO - Found code_base: <app.utils.kg_build.knowledge.KnowledgeCodeBase object at 0x7fc9b5278590>
2025-08-26 09:09:30,234 - Knowledge - INFO - process ingested knowledge for /app/data/b2c/163538/b8982ah/rialto-ocdm-163538/library/include/CdmBackend.h
2025-08-26 09:09:30,342 - Knowledge - INFO - Found code-base-name: https://github.com/kavia-common/rialto-ocdm-163538.git:kavia-6.0.0-rc1
2025-08-26 09:09:30,445 - Knowledge - INFO - Found code_base: <app.utils.kg_build.knowledge.KnowledgeCodeBase object at 0x7fc9b5278590>
2025-08-26 09:09:30,543 - Knowledge - INFO - process ingested knowledge for /app/data/b2c/163538/b8982ah/rialto-ocdm-163538/library/source/Logger.cpp
2025-08-26 09:09:30,668 - Knowledge - INFO - Found code-base-name: https://github.com/kavia-common/rialto-ocdm-163538.git:kavia-6.0.0-rc1
2025-08-26 09:09:30,739 - Knowledge - INFO - Found code_base: <app.utils.kg_build.knowledge.KnowledgeCodeBase object at 0x7fc9b5278590>
2025-08-26 09:09:30,826 - Knowledge - INFO - process ingested knowledge for /app/data/b2c/163538/b8982ah/rialto-ocdm-163538/tests/ut/OpenCdmExtTests.cpp
2025-08-26 09:09:30,935 - Knowledge - INFO - Found code-base-name: https://github.com/kavia-common/rialto-ocdm-163538.git:kavia-6.0.0-rc1
2025-08-26 09:09:31,053 - Knowledge - INFO - Found code_base: <app.utils.kg_build.knowledge.KnowledgeCodeBase object at 0x7fc9b5278590>
2025-08-26 09:09:31,128 - Knowledge - INFO - process ingested knowledge for /app/data/b2c/163538/b8982ah/rialto-ocdm-163538/tests/ut/OpenCdmAdapterTests.cpp
2025-08-26 09:09:31,246 - Knowledge - INFO - Found code-base-name: https://github.com/kavia-common/rialto-ocdm-163538.git:kavia-6.0.0-rc1
2025-08-26 09:09:31,335 - Knowledge - INFO - Found code_base: <app.utils.kg_build.knowledge.KnowledgeCodeBase object at 0x7fc9b5278590>
2025-08-26 09:09:31,458 - Knowledge - INFO - process ingested knowledge for /app/data/b2c/163538/b8982ah/rialto-ocdm-163538/README.md
2025-08-26 09:09:31,560 - Knowledge - INFO - Found code-base-name: https://github.com/kavia-common/rialto-ocdm-163538.git:kavia-6.0.0-rc1
2025-08-26 09:09:31,660 - Knowledge - INFO - Found code_base: <app.utils.kg_build.knowledge.KnowledgeCodeBase object at 0x7fc9b5278590>
2025-08-26 09:09:31,753 - Knowledge - INFO - process ingested knowledge for /app/data/b2c/163538/b8982ah/rialto-ocdm-163538/scripts/clang-format/process_clang-format_errors.py
2025-08-26 09:09:31,839 - Knowledge - INFO - Found code-base-name: https://github.com/kavia-common/rialto-ocdm-163538.git:kavia-6.0.0-rc1
2025-08-26 09:09:31,934 - Knowledge - INFO - Found code_base: <app.utils.kg_build.knowledge.KnowledgeCodeBase object at 0x7fc9b5278590>
2025-08-26 09:09:32,010 - Knowledge - INFO - process ingested knowledge for /app/data/b2c/163538/b8982ah/rialto-ocdm-163538/cppcheck_suppressions.xml
2025-08-26 09:09:32,106 - Knowledge - INFO - Found code-base-name: https://github.com/kavia-common/rialto-ocdm-163538.git:kavia-6.0.0-rc1
2025-08-26 09:09:32,229 - Knowledge - INFO - Found code_base: <app.utils.kg_build.knowledge.KnowledgeCodeBase object at 0x7fc9b5278590>
2025-08-26 09:09:32,313 - Knowledge - INFO - process ingested knowledge for /app/data/b2c/163538/b8982ah/rialto-ocdm-163538/library/include/Logger.h
2025-08-26 09:09:32,405 - Knowledge - INFO - Found code-base-name: https://github.com/kavia-common/rialto-ocdm-163538.git:kavia-6.0.0-rc1
2025-08-26 09:09:32,507 - Knowledge - INFO - Found code_base: <app.utils.kg_build.knowledge.KnowledgeCodeBase object at 0x7fc9b5278590>
2025-08-26 09:09:32,601 - Knowledge - INFO - process ingested knowledge for /app/data/b2c/163538/b8982ah/rialto-ocdm-163538/library/include/OpenCDMSystemPrivate.h
2025-08-26 09:09:32,711 - Knowledge - INFO - Found code-base-name: https://github.com/kavia-common/rialto-ocdm-163538.git:kavia-6.0.0-rc1
2025-08-26 09:09:32,807 - Knowledge - INFO - Found code_base: <app.utils.kg_build.knowledge.KnowledgeCodeBase object at 0x7fc9b5278590>
2025-08-26 09:09:32,924 - Knowledge - INFO - process ingested knowledge for /app/data/b2c/163538/b8982ah/rialto-ocdm-163538/tests/third-party/source/ControlFactory.cpp
2025-08-26 09:09:33,029 - Knowledge - INFO - Found code-base-name: https://github.com/kavia-common/rialto-ocdm-163538.git:kavia-6.0.0-rc1
2025-08-26 09:09:33,102 - Knowledge - INFO - Found code_base: <app.utils.kg_build.knowledge.KnowledgeCodeBase object at 0x7fc9b5278590>
2025-08-26 09:09:33,182 - Knowledge - INFO - process ingested knowledge for /app/data/b2c/163538/b8982ah/rialto-ocdm-163538/docs/index.html
2025-08-26 09:09:33,292 - Knowledge - INFO - Found code-base-name: https://github.com/kavia-common/rialto-ocdm-163538.git:kavia-6.0.0-rc1
2025-08-26 09:09:33,376 - Knowledge - INFO - Found code_base: <app.utils.kg_build.knowledge.KnowledgeCodeBase object at 0x7fc9b5278590>
2025-08-26 09:09:33,469 - Knowledge - INFO - process ingested knowledge for /app/data/b2c/163538/b8982ah/rialto-ocdm-163538/library/source/MediaKeysCapabilitiesBackend.cpp
2025-08-26 09:09:33,554 - Knowledge - INFO - Found code-base-name: https://github.com/kavia-common/rialto-ocdm-163538.git:kavia-6.0.0-rc1
2025-08-26 09:09:33,630 - Knowledge - INFO - Found code_base: <app.utils.kg_build.knowledge.KnowledgeCodeBase object at 0x7fc9b5278590>
2025-08-26 09:09:33,707 - Knowledge - INFO - process ingested knowledge for /app/data/b2c/163538/b8982ah/rialto-ocdm-163538/library/source/OpenCDMSystemPrivate.cpp
2025-08-26 09:09:33,815 - Knowledge - INFO - Found code-base-name: https://github.com/kavia-common/rialto-ocdm-163538.git:kavia-6.0.0-rc1
2025-08-26 09:09:33,923 - Knowledge - INFO - Found code_base: <app.utils.kg_build.knowledge.KnowledgeCodeBase object at 0x7fc9b5278590>
2025-08-26 09:09:34,011 - Knowledge - INFO - process ingested knowledge for /app/data/b2c/163538/b8982ah/rialto-ocdm-163538/cmake/FindRialto.cmake
2025-08-26 09:09:34,114 - Knowledge - INFO - Found code-base-name: https://github.com/kavia-common/rialto-ocdm-163538.git:kavia-6.0.0-rc1
2025-08-26 09:09:34,191 - Knowledge - INFO - Found code_base: <app.utils.kg_build.knowledge.KnowledgeCodeBase object at 0x7fc9b5278590>
2025-08-26 09:09:34,281 - Knowledge - INFO - process ingested knowledge for /app/data/b2c/163538/b8982ah/rialto-ocdm-163538/library/include/MediaKeysCapabilitiesBackend.h
2025-08-26 09:09:34,372 - Knowledge - INFO - Found code-base-name: https://github.com/kavia-common/rialto-ocdm-163538.git:kavia-6.0.0-rc1
2025-08-26 09:09:34,456 - Knowledge - INFO - Found code_base: <app.utils.kg_build.knowledge.KnowledgeCodeBase object at 0x7fc9b5278590>
2025-08-26 09:09:34,562 - Knowledge - INFO - process ingested knowledge for /app/data/b2c/163538/b8982ah/rialto-ocdm-163538/CHANGELOG.md
2025-08-26 09:09:34,656 - Knowledge - INFO - Found code-base-name: https://github.com/kavia-common/rialto-ocdm-163538.git:kavia-6.0.0-rc1
2025-08-26 09:09:34,735 - Knowledge - INFO - Found code_base: <app.utils.kg_build.knowledge.KnowledgeCodeBase object at 0x7fc9b5278590>
2025-08-26 09:09:34,811 - Knowledge - INFO - process ingested knowledge for /app/data/b2c/163538/b8982ah/rialto-ocdm-163538/CONTRIBUTING.md
2025-08-26 09:09:34,900 - Knowledge - INFO - Found code-base-name: https://github.com/kavia-common/rialto-ocdm-163538.git:kavia-6.0.0-rc1
2025-08-26 09:09:34,988 - Knowledge - INFO - Found code_base: <app.utils.kg_build.knowledge.KnowledgeCodeBase object at 0x7fc9b5278590>
2025-08-26 09:09:35,082 - Knowledge - INFO - process ingested knowledge for /app/data/b2c/163538/b8982ah/rialto-ocdm-163538/library/include/OpenCDMSession.h
2025-08-26 09:09:35,211 - Knowledge - INFO - Found code-base-name: https://github.com/kavia-common/rialto-ocdm-163538.git:kavia-6.0.0-rc1
2025-08-26 09:09:35,293 - Knowledge - INFO - Found code_base: <app.utils.kg_build.knowledge.KnowledgeCodeBase object at 0x7fc9b5278590>
2025-08-26 09:09:35,377 - Knowledge - INFO - process ingested knowledge for /app/data/b2c/163538/b8982ah/rialto-ocdm-163538/tests/third-party/CMakeLists.txt
2025-08-26 09:09:35,463 - Knowledge - INFO - Found code-base-name: https://github.com/kavia-common/rialto-ocdm-163538.git:kavia-6.0.0-rc1
2025-08-26 09:09:35,563 - Knowledge - INFO - Found code_base: <app.utils.kg_build.knowledge.KnowledgeCodeBase object at 0x7fc9b5278590>
2025-08-26 09:09:35,650 - Knowledge - INFO - process ingested knowledge for /app/data/b2c/163538/b8982ah/rialto-ocdm-163538/tests/mocks/ControlMock.h
2025-08-26 09:09:35,734 - Knowledge - INFO - Found code-base-name: https://github.com/kavia-common/rialto-ocdm-163538.git:kavia-6.0.0-rc1
2025-08-26 09:09:35,854 - Knowledge - INFO - Found code_base: <app.utils.kg_build.knowledge.KnowledgeCodeBase object at 0x7fc9b5278590>
2025-08-26 09:09:35,951 - Knowledge - INFO - process ingested knowledge for /app/data/b2c/163538/b8982ah/rialto-ocdm-163538/build_ut.py
2025-08-26 09:09:36,043 - Knowledge - INFO - load persisted knowledge: end
2025-08-26 09:09:36,150 - Knowledge - INFO - load persisted docinfo: begin
2025-08-26 09:09:36,267 - Knowledge - INFO - load persisted docinfo: end
2025-08-26 09:09:36,418 - Knowledge - INFO - worker kw1 created with dedicated MongoDB connection (total: 1)
2025-08-26 09:09:36,508 - Knowledge - INFO - knowledge worker kw1 start
2025-08-26 09:09:36,612 - Knowledge - INFO - Knowledge creation complete
2025-08-26 09:09:36,719 - Knowledge - INFO - Updating org costs, total cost: 0
2025-08-26 09:09:37,522 - Knowledge - INFO - Saving knowledge to Redis...
2025-08-26 09:09:37,663 - Knowledge - INFO - Knowledge saved to Redis successfully
2025-08-26 09:10:30,736 - Knowledge - INFO - Redis support added with prefix knowledge:b8982ah:
2025-08-26 09:10:31,240 - Knowledge - INFO - load persisted knowledge: begin
2025-08-26 09:10:31,359 - Knowledge - INFO - Found code-base-name: https://github.com/kavia-common/rialto-ocdm-163538.git:kavia-6.0.0-rc1
2025-08-26 09:10:31,470 - Knowledge - INFO - Found code_base: <app.utils.kg_build.knowledge.KnowledgeCodeBase object at 0x7f11cefc4c10>
2025-08-26 09:10:31,566 - Knowledge - INFO - process ingested knowledge for /app/data/b2c/163538/b8982ah/rialto-ocdm-163538/library/include/ActiveSessions.h
2025-08-26 09:10:31,685 - Knowledge - INFO - Found code-base-name: https://github.com/kavia-common/rialto-ocdm-163538.git:kavia-6.0.0-rc1
2025-08-26 09:10:31,768 - Knowledge - INFO - Found code_base: <app.utils.kg_build.knowledge.KnowledgeCodeBase object at 0x7f11cefc4c10>
2025-08-26 09:10:31,850 - Knowledge - INFO - process ingested knowledge for /app/data/b2c/163538/b8982ah/rialto-ocdm-163538/tests/mocks/OpenCDMSessionMock.h
2025-08-26 09:10:31,976 - Knowledge - INFO - Found code-base-name: https://github.com/kavia-common/rialto-ocdm-163538.git:kavia-6.0.0-rc1
2025-08-26 09:10:32,062 - Knowledge - INFO - Found code_base: <app.utils.kg_build.knowledge.KnowledgeCodeBase object at 0x7f11cefc4c10>
2025-08-26 09:10:32,144 - Knowledge - INFO - process ingested knowledge for /app/data/b2c/163538/b8982ah/rialto-ocdm-163538/library/include/OpenCDMSystem.h
2025-08-26 09:10:32,253 - Knowledge - INFO - Found code-base-name: https://github.com/kavia-common/rialto-ocdm-163538.git:kavia-6.0.0-rc1
2025-08-26 09:10:32,345 - Knowledge - INFO - Found code_base: <app.utils.kg_build.knowledge.KnowledgeCodeBase object at 0x7f11cefc4c10>
2025-08-26 09:10:32,466 - Knowledge - INFO - process ingested knowledge for /app/data/b2c/163538/b8982ah/rialto-ocdm-163538/tests/ut/CMakeLists.txt
2025-08-26 09:10:32,560 - Knowledge - INFO - Found code-base-name: https://github.com/kavia-common/rialto-ocdm-163538.git:kavia-6.0.0-rc1
2025-08-26 09:10:32,673 - Knowledge - INFO - Found code_base: <app.utils.kg_build.knowledge.KnowledgeCodeBase object at 0x7f11cefc4c10>
2025-08-26 09:10:32,791 - Knowledge - INFO - process ingested knowledge for /app/data/b2c/163538/b8982ah/rialto-ocdm-163538/library/source/ActiveSessions.cpp
2025-08-26 09:10:32,895 - Knowledge - INFO - Found code-base-name: https://github.com/kavia-common/rialto-ocdm-163538.git:kavia-6.0.0-rc1
2025-08-26 09:10:33,011 - Knowledge - INFO - Found code_base: <app.utils.kg_build.knowledge.KnowledgeCodeBase object at 0x7f11cefc4c10>
2025-08-26 09:10:33,094 - Knowledge - INFO - process ingested knowledge for /app/data/b2c/163538/b8982ah/rialto-ocdm-163538/tests/third-party/source/MediaKeysCapabilitiesFactory.cpp
2025-08-26 09:10:33,184 - Knowledge - INFO - Found code-base-name: https://github.com/kavia-common/rialto-ocdm-163538.git:kavia-6.0.0-rc1
2025-08-26 09:10:33,279 - Knowledge - INFO - Found code_base: <app.utils.kg_build.knowledge.KnowledgeCodeBase object at 0x7f11cefc4c10>
2025-08-26 09:10:33,365 - Knowledge - INFO - process ingested knowledge for /app/data/b2c/163538/b8982ah/rialto-ocdm-163538/tests/ut/OpenCdmSessionTests.cpp
2025-08-26 09:10:33,495 - Knowledge - INFO - Found code-base-name: https://github.com/kavia-common/rialto-ocdm-163538.git:kavia-6.0.0-rc1
2025-08-26 09:10:33,591 - Knowledge - INFO - Found code_base: <app.utils.kg_build.knowledge.KnowledgeCodeBase object at 0x7f11cefc4c10>
2025-08-26 09:10:33,689 - Knowledge - INFO - process ingested knowledge for /app/data/b2c/163538/b8982ah/rialto-ocdm-163538/tests/mocks/OcdmSessionsCallbacksMock.h
2025-08-26 09:10:33,810 - Knowledge - INFO - Found code-base-name: https://github.com/kavia-common/rialto-ocdm-163538.git:kavia-6.0.0-rc1
2025-08-26 09:10:33,907 - Knowledge - INFO - Found code_base: <app.utils.kg_build.knowledge.KnowledgeCodeBase object at 0x7f11cefc4c10>
2025-08-26 09:10:34,002 - Knowledge - INFO - process ingested knowledge for /app/data/b2c/163538/b8982ah/rialto-ocdm-163538/tests/ut/OpenCdmTests.cpp
2025-08-26 09:10:34,131 - Knowledge - INFO - Found code-base-name: https://github.com/kavia-common/rialto-ocdm-163538.git:kavia-6.0.0-rc1
2025-08-26 09:10:34,218 - Knowledge - INFO - Found code_base: <app.utils.kg_build.knowledge.KnowledgeCodeBase object at 0x7f11cefc4c10>
2025-08-26 09:10:34,300 - Knowledge - INFO - process ingested knowledge for /app/data/b2c/163538/b8982ah/rialto-ocdm-163538/tests/third-party/source/OcdmSessionsCallbacks.cpp
2025-08-26 09:10:34,406 - Knowledge - INFO - Found code-base-name: https://github.com/kavia-common/rialto-ocdm-163538.git:kavia-6.0.0-rc1
2025-08-26 09:10:34,490 - Knowledge - INFO - Found code_base: <app.utils.kg_build.knowledge.KnowledgeCodeBase object at 0x7f11cefc4c10>
2025-08-26 09:10:34,590 - Knowledge - INFO - process ingested knowledge for /app/data/b2c/163538/b8982ah/rialto-ocdm-163538/tests/mocks/MediaKeysCapabilitiesMock.h
2025-08-26 09:10:34,674 - Knowledge - INFO - Found code-base-name: https://github.com/kavia-common/rialto-ocdm-163538.git:kavia-6.0.0-rc1
2025-08-26 09:10:34,755 - Knowledge - INFO - Found code_base: <app.utils.kg_build.knowledge.KnowledgeCodeBase object at 0x7f11cefc4c10>
2025-08-26 09:10:34,834 - Knowledge - INFO - process ingested knowledge for /app/data/b2c/163538/b8982ah/rialto-ocdm-163538/tests/mocks/CMakeLists.txt
2025-08-26 09:10:34,937 - Knowledge - INFO - Found code-base-name: https://github.com/kavia-common/rialto-ocdm-163538.git:kavia-6.0.0-rc1
2025-08-26 09:10:35,023 - Knowledge - INFO - Found code_base: <app.utils.kg_build.knowledge.KnowledgeCodeBase object at 0x7f11cefc4c10>
2025-08-26 09:10:35,098 - Knowledge - INFO - process ingested knowledge for /app/data/b2c/163538/b8982ah/rialto-ocdm-163538/tests/ut/MediaKeysCapabilitiesBackendTests.cpp
2025-08-26 09:10:35,183 - Knowledge - INFO - Found code-base-name: https://github.com/kavia-common/rialto-ocdm-163538.git:kavia-6.0.0-rc1
2025-08-26 09:10:35,265 - Knowledge - INFO - Found code_base: <app.utils.kg_build.knowledge.KnowledgeCodeBase object at 0x7f11cefc4c10>
2025-08-26 09:10:35,360 - Knowledge - INFO - process ingested knowledge for /app/data/b2c/163538/b8982ah/rialto-ocdm-163538/cmake/googletest.cmake
2025-08-26 09:10:35,439 - Knowledge - INFO - Found code-base-name: https://github.com/kavia-common/rialto-ocdm-163538.git:kavia-6.0.0-rc1
2025-08-26 09:10:35,556 - Knowledge - INFO - Found code_base: <app.utils.kg_build.knowledge.KnowledgeCodeBase object at 0x7f11cefc4c10>
2025-08-26 09:10:35,659 - Knowledge - INFO - process ingested knowledge for /app/data/b2c/163538/b8982ah/rialto-ocdm-163538/library/include/OpenCDMSessionPrivate.h
2025-08-26 09:10:35,738 - Knowledge - INFO - Found code-base-name: https://github.com/kavia-common/rialto-ocdm-163538.git:kavia-6.0.0-rc1
2025-08-26 09:10:35,878 - Knowledge - INFO - Found code_base: <app.utils.kg_build.knowledge.KnowledgeCodeBase object at 0x7f11cefc4c10>
2025-08-26 09:10:35,960 - Knowledge - INFO - process ingested knowledge for /app/data/b2c/163538/b8982ah/rialto-ocdm-163538/library/CMakeLists.txt
2025-08-26 09:10:36,085 - Knowledge - INFO - Found code-base-name: https://github.com/kavia-common/rialto-ocdm-163538.git:kavia-6.0.0-rc1
2025-08-26 09:10:36,210 - Knowledge - INFO - Found code_base: <app.utils.kg_build.knowledge.KnowledgeCodeBase object at 0x7f11cefc4c10>
2025-08-26 09:10:36,280 - Knowledge - INFO - process ingested knowledge for /app/data/b2c/163538/b8982ah/rialto-ocdm-163538/library/include/ICdmBackend.h
2025-08-26 09:10:36,407 - Knowledge - INFO - Found code-base-name: https://github.com/kavia-common/rialto-ocdm-163538.git:kavia-6.0.0-rc1
2025-08-26 09:10:36,547 - Knowledge - INFO - Found code_base: <app.utils.kg_build.knowledge.KnowledgeCodeBase object at 0x7f11cefc4c10>
2025-08-26 09:10:36,665 - Knowledge - INFO - process ingested knowledge for /app/data/b2c/163538/b8982ah/rialto-ocdm-163538/library/include/IMessageDispatcher.h
2025-08-26 09:10:36,752 - Knowledge - INFO - Found code-base-name: https://github.com/kavia-common/rialto-ocdm-163538.git:kavia-6.0.0-rc1
2025-08-26 09:10:36,828 - Knowledge - INFO - Found code_base: <app.utils.kg_build.knowledge.KnowledgeCodeBase object at 0x7f11cefc4c10>
2025-08-26 09:10:36,937 - Knowledge - INFO - process ingested knowledge for /app/data/b2c/163538/b8982ah/rialto-ocdm-163538/tests/mocks/MessageDispatcherMock.h
2025-08-26 09:10:37,054 - Knowledge - INFO - Found code-base-name: https://github.com/kavia-common/rialto-ocdm-163538.git:kavia-6.0.0-rc1
2025-08-26 09:10:37,131 - Knowledge - INFO - Found code_base: <app.utils.kg_build.knowledge.KnowledgeCodeBase object at 0x7f11cefc4c10>
2025-08-26 09:10:37,241 - Knowledge - INFO - process ingested knowledge for /app/data/b2c/163538/b8982ah/rialto-ocdm-163538/tests/mocks/MediaKeysMock.h
2025-08-26 09:10:37,369 - Knowledge - INFO - Found code-base-name: https://github.com/kavia-common/rialto-ocdm-163538.git:kavia-6.0.0-rc1
2025-08-26 09:10:37,473 - Knowledge - INFO - Found code_base: <app.utils.kg_build.knowledge.KnowledgeCodeBase object at 0x7f11cefc4c10>
2025-08-26 09:10:37,549 - Knowledge - INFO - process ingested knowledge for /app/data/b2c/163538/b8982ah/rialto-ocdm-163538/tests/mocks/CdmBackendMock.h
2025-08-26 09:10:37,663 - Knowledge - INFO - Found code-base-name: https://github.com/kavia-common/rialto-ocdm-163538.git:kavia-6.0.0-rc1
2025-08-26 09:10:37,738 - Knowledge - INFO - Found code_base: <app.utils.kg_build.knowledge.KnowledgeCodeBase object at 0x7f11cefc4c10>
2025-08-26 09:10:37,843 - Knowledge - INFO - process ingested knowledge for /app/data/b2c/163538/b8982ah/rialto-ocdm-163538/tests/ut/MessageDispatcherTests.cpp
2025-08-26 09:10:37,930 - Knowledge - INFO - Found code-base-name: https://github.com/kavia-common/rialto-ocdm-163538.git:kavia-6.0.0-rc1
2025-08-26 09:10:38,024 - Knowledge - INFO - Found code_base: <app.utils.kg_build.knowledge.KnowledgeCodeBase object at 0x7f11cefc4c10>
2025-08-26 09:10:38,100 - Knowledge - INFO - process ingested knowledge for /app/data/b2c/163538/b8982ah/rialto-ocdm-163538/TERMS.md
2025-08-26 09:10:38,217 - Knowledge - INFO - Found code-base-name: https://github.com/kavia-common/rialto-ocdm-163538.git:kavia-6.0.0-rc1
2025-08-26 09:10:38,306 - Knowledge - INFO - Found code_base: <app.utils.kg_build.knowledge.KnowledgeCodeBase object at 0x7f11cefc4c10>
2025-08-26 09:10:38,430 - Knowledge - INFO - process ingested knowledge for /app/data/b2c/163538/b8982ah/rialto-ocdm-163538/library/source/open_cdm_adapter.cpp
2025-08-26 09:10:38,572 - Knowledge - INFO - Found code-base-name: https://github.com/kavia-common/rialto-ocdm-163538.git:kavia-6.0.0-rc1
2025-08-26 09:10:38,690 - Knowledge - INFO - Found code_base: <app.utils.kg_build.knowledge.KnowledgeCodeBase object at 0x7f11cefc4c10>
2025-08-26 09:10:38,786 - Knowledge - INFO - process ingested knowledge for /app/data/b2c/163538/b8982ah/rialto-ocdm-163538/library/source/open_cdm.cpp
2025-08-26 09:10:38,867 - Knowledge - INFO - Found code-base-name: https://github.com/kavia-common/rialto-ocdm-163538.git:kavia-6.0.0-rc1
2025-08-26 09:10:38,969 - Knowledge - INFO - Found code_base: <app.utils.kg_build.knowledge.KnowledgeCodeBase object at 0x7f11cefc4c10>
2025-08-26 09:10:39,096 - Knowledge - INFO - process ingested knowledge for /app/data/b2c/163538/b8982ah/rialto-ocdm-163538/scripts/valgrind/process_valgrind_results.py
2025-08-26 09:10:39,190 - Knowledge - INFO - Found code-base-name: https://github.com/kavia-common/rialto-ocdm-163538.git:kavia-6.0.0-rc1
2025-08-26 09:10:39,291 - Knowledge - INFO - Found code_base: <app.utils.kg_build.knowledge.KnowledgeCodeBase object at 0x7f11cefc4c10>
2025-08-26 09:10:39,372 - Knowledge - INFO - process ingested knowledge for /app/data/b2c/163538/b8982ah/rialto-ocdm-163538/library/source/open_cdm_ext.cpp
2025-08-26 09:10:39,471 - Knowledge - INFO - Found code-base-name: https://github.com/kavia-common/rialto-ocdm-163538.git:kavia-6.0.0-rc1
2025-08-26 09:10:39,574 - Knowledge - INFO - Found code_base: <app.utils.kg_build.knowledge.KnowledgeCodeBase object at 0x7f11cefc4c10>
2025-08-26 09:10:39,679 - Knowledge - INFO - process ingested knowledge for /app/data/b2c/163538/b8982ah/rialto-ocdm-163538/tests/ut/CdmBackendTests.cpp
2025-08-26 09:10:39,774 - Knowledge - INFO - Found code-base-name: https://github.com/kavia-common/rialto-ocdm-163538.git:kavia-6.0.0-rc1
2025-08-26 09:10:39,847 - Knowledge - INFO - Found code_base: <app.utils.kg_build.knowledge.KnowledgeCodeBase object at 0x7f11cefc4c10>
2025-08-26 09:10:39,925 - Knowledge - INFO - process ingested knowledge for /app/data/b2c/163538/b8982ah/rialto-ocdm-163538/library/source/OpenCDMSessionPrivate.cpp
2025-08-26 09:10:40,006 - Knowledge - INFO - Found code-base-name: https://github.com/kavia-common/rialto-ocdm-163538.git:kavia-6.0.0-rc1
2025-08-26 09:10:40,091 - Knowledge - INFO - Found code_base: <app.utils.kg_build.knowledge.KnowledgeCodeBase object at 0x7f11cefc4c10>
2025-08-26 09:10:40,199 - Knowledge - INFO - process ingested knowledge for /app/data/b2c/163538/b8982ah/rialto-ocdm-163538/CMakeLists.txt
2025-08-26 09:10:40,297 - Knowledge - INFO - Found code-base-name: https://github.com/kavia-common/rialto-ocdm-163538.git:kavia-6.0.0-rc1
2025-08-26 09:10:40,411 - Knowledge - INFO - Found code_base: <app.utils.kg_build.knowledge.KnowledgeCodeBase object at 0x7f11cefc4c10>
2025-08-26 09:10:40,507 - Knowledge - INFO - process ingested knowledge for /app/data/b2c/163538/b8982ah/rialto-ocdm-163538/tests/third-party/source/MediaKeysFactory.cpp
2025-08-26 09:10:40,618 - Knowledge - INFO - Found code-base-name: https://github.com/kavia-common/rialto-ocdm-163538.git:kavia-6.0.0-rc1
2025-08-26 09:10:40,698 - Knowledge - INFO - Found code_base: <app.utils.kg_build.knowledge.KnowledgeCodeBase object at 0x7f11cefc4c10>
2025-08-26 09:10:40,794 - Knowledge - INFO - process ingested knowledge for /app/data/b2c/163538/b8982ah/rialto-ocdm-163538/tests/ut/LoggerTests.cpp
2025-08-26 09:10:40,906 - Knowledge - INFO - Found code-base-name: https://github.com/kavia-common/rialto-ocdm-163538.git:kavia-6.0.0-rc1
2025-08-26 09:10:41,013 - Knowledge - INFO - Found code_base: <app.utils.kg_build.knowledge.KnowledgeCodeBase object at 0x7f11cefc4c10>
2025-08-26 09:10:41,097 - Knowledge - INFO - process ingested knowledge for /app/data/b2c/163538/b8982ah/rialto-ocdm-163538/library/include/RialtoGStreamerEMEProtectionMetadata.h
2025-08-26 09:10:41,266 - Knowledge - INFO - Found code-base-name: https://github.com/kavia-common/rialto-ocdm-163538.git:kavia-6.0.0-rc1
2025-08-26 09:10:41,355 - Knowledge - INFO - Found code_base: <app.utils.kg_build.knowledge.KnowledgeCodeBase object at 0x7f11cefc4c10>
2025-08-26 09:10:41,446 - Knowledge - INFO - process ingested knowledge for /app/data/b2c/163538/b8982ah/rialto-ocdm-163538/library/source/CdmBackend.cpp
2025-08-26 09:10:41,540 - Knowledge - INFO - Found code-base-name: https://github.com/kavia-common/rialto-ocdm-163538.git:kavia-6.0.0-rc1
2025-08-26 09:10:41,658 - Knowledge - INFO - Found code_base: <app.utils.kg_build.knowledge.KnowledgeCodeBase object at 0x7f11cefc4c10>
2025-08-26 09:10:41,756 - Knowledge - INFO - process ingested knowledge for /app/data/b2c/163538/b8982ah/rialto-ocdm-163538/scripts/cpplint/cpplint.py
2025-08-26 09:10:41,853 - Knowledge - INFO - Found code-base-name: https://github.com/kavia-common/rialto-ocdm-163538.git:kavia-6.0.0-rc1
2025-08-26 09:10:41,954 - Knowledge - INFO - Found code_base: <app.utils.kg_build.knowledge.KnowledgeCodeBase object at 0x7f11cefc4c10>
2025-08-26 09:10:42,043 - Knowledge - INFO - process ingested knowledge for /app/data/b2c/163538/b8982ah/rialto-ocdm-163538/library/source/MessageDispatcher.cpp
2025-08-26 09:10:42,144 - Knowledge - INFO - Found code-base-name: https://github.com/kavia-common/rialto-ocdm-163538.git:kavia-6.0.0-rc1
2025-08-26 09:10:42,222 - Knowledge - INFO - Found code_base: <app.utils.kg_build.knowledge.KnowledgeCodeBase object at 0x7f11cefc4c10>
2025-08-26 09:10:42,335 - Knowledge - INFO - process ingested knowledge for /app/data/b2c/163538/b8982ah/rialto-ocdm-163538/tests/ut/ActiveSessionsTests.cpp
2025-08-26 09:10:42,448 - Knowledge - INFO - Found code-base-name: https://github.com/kavia-common/rialto-ocdm-163538.git:kavia-6.0.0-rc1
2025-08-26 09:10:42,537 - Knowledge - INFO - Found code_base: <app.utils.kg_build.knowledge.KnowledgeCodeBase object at 0x7f11cefc4c10>
2025-08-26 09:10:42,627 - Knowledge - INFO - process ingested knowledge for /app/data/b2c/163538/b8982ah/rialto-ocdm-163538/tests/ut/OpenCdmSystemTests.cpp
2025-08-26 09:10:42,744 - Knowledge - INFO - Found code-base-name: https://github.com/kavia-common/rialto-ocdm-163538.git:kavia-6.0.0-rc1
2025-08-26 09:10:42,840 - Knowledge - INFO - Found code_base: <app.utils.kg_build.knowledge.KnowledgeCodeBase object at 0x7f11cefc4c10>
2025-08-26 09:10:42,956 - Knowledge - INFO - process ingested knowledge for /app/data/b2c/163538/b8982ah/rialto-ocdm-163538/tests/mocks/MediaKeysClientMock.h
2025-08-26 09:10:43,040 - Knowledge - INFO - Found code-base-name: https://github.com/kavia-common/rialto-ocdm-163538.git:kavia-6.0.0-rc1
2025-08-26 09:10:43,122 - Knowledge - INFO - Found code_base: <app.utils.kg_build.knowledge.KnowledgeCodeBase object at 0x7f11cefc4c10>
2025-08-26 09:10:43,221 - Knowledge - INFO - process ingested knowledge for /app/data/b2c/163538/b8982ah/rialto-ocdm-163538/tests/mocks/MessageDispatcherClientMock.h
2025-08-26 09:10:43,303 - Knowledge - INFO - Found code-base-name: https://github.com/kavia-common/rialto-ocdm-163538.git:kavia-6.0.0-rc1
2025-08-26 09:10:43,386 - Knowledge - INFO - Found code_base: <app.utils.kg_build.knowledge.KnowledgeCodeBase object at 0x7f11cefc4c10>
2025-08-26 09:10:43,510 - Knowledge - INFO - process ingested knowledge for /app/data/b2c/163538/b8982ah/rialto-ocdm-163538/library/include/MessageDispatcher.h
2025-08-26 09:10:43,597 - Knowledge - INFO - Found code-base-name: https://github.com/kavia-common/rialto-ocdm-163538.git:kavia-6.0.0-rc1
2025-08-26 09:10:43,689 - Knowledge - INFO - Found code_base: <app.utils.kg_build.knowledge.KnowledgeCodeBase object at 0x7f11cefc4c10>
2025-08-26 09:10:43,803 - Knowledge - INFO - process ingested knowledge for /app/data/b2c/163538/b8982ah/rialto-ocdm-163538/library/source/RialtoGStreamerEMEProtectionMetadata.cpp
2025-08-26 09:10:43,902 - Knowledge - INFO - Found code-base-name: https://github.com/kavia-common/rialto-ocdm-163538.git:kavia-6.0.0-rc1
2025-08-26 09:10:43,991 - Knowledge - INFO - Found code_base: <app.utils.kg_build.knowledge.KnowledgeCodeBase object at 0x7f11cefc4c10>
2025-08-26 09:10:44,119 - Knowledge - INFO - process ingested knowledge for /app/data/b2c/163538/b8982ah/rialto-ocdm-163538/tests/mocks/OpenCDMSystemMock.h
2025-08-26 09:10:44,222 - Knowledge - INFO - Found code-base-name: https://github.com/kavia-common/rialto-ocdm-163538.git:kavia-6.0.0-rc1
2025-08-26 09:10:44,335 - Knowledge - INFO - Found code_base: <app.utils.kg_build.knowledge.KnowledgeCodeBase object at 0x7f11cefc4c10>
2025-08-26 09:10:44,412 - Knowledge - INFO - process ingested knowledge for /app/data/b2c/163538/b8982ah/rialto-ocdm-163538/library/include/CdmBackend.h
2025-08-26 09:10:44,521 - Knowledge - INFO - Found code-base-name: https://github.com/kavia-common/rialto-ocdm-163538.git:kavia-6.0.0-rc1
2025-08-26 09:10:44,598 - Knowledge - INFO - Found code_base: <app.utils.kg_build.knowledge.KnowledgeCodeBase object at 0x7f11cefc4c10>
2025-08-26 09:10:44,681 - Knowledge - INFO - process ingested knowledge for /app/data/b2c/163538/b8982ah/rialto-ocdm-163538/library/source/Logger.cpp
2025-08-26 09:10:44,806 - Knowledge - INFO - Found code-base-name: https://github.com/kavia-common/rialto-ocdm-163538.git:kavia-6.0.0-rc1
2025-08-26 09:10:44,919 - Knowledge - INFO - Found code_base: <app.utils.kg_build.knowledge.KnowledgeCodeBase object at 0x7f11cefc4c10>
2025-08-26 09:10:45,029 - Knowledge - INFO - process ingested knowledge for /app/data/b2c/163538/b8982ah/rialto-ocdm-163538/tests/ut/OpenCdmExtTests.cpp
2025-08-26 09:10:45,119 - Knowledge - INFO - Found code-base-name: https://github.com/kavia-common/rialto-ocdm-163538.git:kavia-6.0.0-rc1
2025-08-26 09:10:45,220 - Knowledge - INFO - Found code_base: <app.utils.kg_build.knowledge.KnowledgeCodeBase object at 0x7f11cefc4c10>
2025-08-26 09:10:45,329 - Knowledge - INFO - process ingested knowledge for /app/data/b2c/163538/b8982ah/rialto-ocdm-163538/tests/ut/OpenCdmAdapterTests.cpp
2025-08-26 09:10:45,433 - Knowledge - INFO - Found code-base-name: https://github.com/kavia-common/rialto-ocdm-163538.git:kavia-6.0.0-rc1
2025-08-26 09:10:45,510 - Knowledge - INFO - Found code_base: <app.utils.kg_build.knowledge.KnowledgeCodeBase object at 0x7f11cefc4c10>
2025-08-26 09:10:45,595 - Knowledge - INFO - process ingested knowledge for /app/data/b2c/163538/b8982ah/rialto-ocdm-163538/README.md
2025-08-26 09:10:45,708 - Knowledge - INFO - Found code-base-name: https://github.com/kavia-common/rialto-ocdm-163538.git:kavia-6.0.0-rc1
2025-08-26 09:10:45,793 - Knowledge - INFO - Found code_base: <app.utils.kg_build.knowledge.KnowledgeCodeBase object at 0x7f11cefc4c10>
2025-08-26 09:10:45,875 - Knowledge - INFO - process ingested knowledge for /app/data/b2c/163538/b8982ah/rialto-ocdm-163538/scripts/clang-format/process_clang-format_errors.py
2025-08-26 09:10:45,959 - Knowledge - INFO - Found code-base-name: https://github.com/kavia-common/rialto-ocdm-163538.git:kavia-6.0.0-rc1
2025-08-26 09:10:46,071 - Knowledge - INFO - Found code_base: <app.utils.kg_build.knowledge.KnowledgeCodeBase object at 0x7f11cefc4c10>
2025-08-26 09:10:46,168 - Knowledge - INFO - process ingested knowledge for /app/data/b2c/163538/b8982ah/rialto-ocdm-163538/cppcheck_suppressions.xml
2025-08-26 09:10:46,255 - Knowledge - INFO - Found code-base-name: https://github.com/kavia-common/rialto-ocdm-163538.git:kavia-6.0.0-rc1
2025-08-26 09:10:46,348 - Knowledge - INFO - Found code_base: <app.utils.kg_build.knowledge.KnowledgeCodeBase object at 0x7f11cefc4c10>
2025-08-26 09:10:46,475 - Knowledge - INFO - process ingested knowledge for /app/data/b2c/163538/b8982ah/rialto-ocdm-163538/library/include/Logger.h
2025-08-26 09:10:46,577 - Knowledge - INFO - Found code-base-name: https://github.com/kavia-common/rialto-ocdm-163538.git:kavia-6.0.0-rc1
2025-08-26 09:10:46,654 - Knowledge - INFO - Found code_base: <app.utils.kg_build.knowledge.KnowledgeCodeBase object at 0x7f11cefc4c10>
2025-08-26 09:10:46,730 - Knowledge - INFO - process ingested knowledge for /app/data/b2c/163538/b8982ah/rialto-ocdm-163538/library/include/OpenCDMSystemPrivate.h
2025-08-26 09:10:46,810 - Knowledge - INFO - Found code-base-name: https://github.com/kavia-common/rialto-ocdm-163538.git:kavia-6.0.0-rc1
2025-08-26 09:10:46,929 - Knowledge - INFO - Found code_base: <app.utils.kg_build.knowledge.KnowledgeCodeBase object at 0x7f11cefc4c10>
2025-08-26 09:10:47,007 - Knowledge - INFO - process ingested knowledge for /app/data/b2c/163538/b8982ah/rialto-ocdm-163538/tests/third-party/source/ControlFactory.cpp
2025-08-26 09:10:47,113 - Knowledge - INFO - Found code-base-name: https://github.com/kavia-common/rialto-ocdm-163538.git:kavia-6.0.0-rc1
2025-08-26 09:10:47,188 - Knowledge - INFO - Found code_base: <app.utils.kg_build.knowledge.KnowledgeCodeBase object at 0x7f11cefc4c10>
2025-08-26 09:10:47,270 - Knowledge - INFO - process ingested knowledge for /app/data/b2c/163538/b8982ah/rialto-ocdm-163538/docs/index.html
2025-08-26 09:10:47,390 - Knowledge - INFO - Found code-base-name: https://github.com/kavia-common/rialto-ocdm-163538.git:kavia-6.0.0-rc1
2025-08-26 09:10:47,470 - Knowledge - INFO - Found code_base: <app.utils.kg_build.knowledge.KnowledgeCodeBase object at 0x7f11cefc4c10>
2025-08-26 09:10:47,570 - Knowledge - INFO - process ingested knowledge for /app/data/b2c/163538/b8982ah/rialto-ocdm-163538/library/source/MediaKeysCapabilitiesBackend.cpp
2025-08-26 09:10:47,655 - Knowledge - INFO - Found code-base-name: https://github.com/kavia-common/rialto-ocdm-163538.git:kavia-6.0.0-rc1
2025-08-26 09:10:47,767 - Knowledge - INFO - Found code_base: <app.utils.kg_build.knowledge.KnowledgeCodeBase object at 0x7f11cefc4c10>
2025-08-26 09:10:47,868 - Knowledge - INFO - process ingested knowledge for /app/data/b2c/163538/b8982ah/rialto-ocdm-163538/library/source/OpenCDMSystemPrivate.cpp
2025-08-26 09:10:47,984 - Knowledge - INFO - Found code-base-name: https://github.com/kavia-common/rialto-ocdm-163538.git:kavia-6.0.0-rc1
2025-08-26 09:10:48,101 - Knowledge - INFO - Found code_base: <app.utils.kg_build.knowledge.KnowledgeCodeBase object at 0x7f11cefc4c10>
2025-08-26 09:10:48,217 - Knowledge - INFO - process ingested knowledge for /app/data/b2c/163538/b8982ah/rialto-ocdm-163538/cmake/FindRialto.cmake
2025-08-26 09:10:48,337 - Knowledge - INFO - Found code-base-name: https://github.com/kavia-common/rialto-ocdm-163538.git:kavia-6.0.0-rc1
2025-08-26 09:10:48,434 - Knowledge - INFO - Found code_base: <app.utils.kg_build.knowledge.KnowledgeCodeBase object at 0x7f11cefc4c10>
2025-08-26 09:10:48,523 - Knowledge - INFO - process ingested knowledge for /app/data/b2c/163538/b8982ah/rialto-ocdm-163538/library/include/MediaKeysCapabilitiesBackend.h
2025-08-26 09:10:48,641 - Knowledge - INFO - Found code-base-name: https://github.com/kavia-common/rialto-ocdm-163538.git:kavia-6.0.0-rc1
2025-08-26 09:10:48,759 - Knowledge - INFO - Found code_base: <app.utils.kg_build.knowledge.KnowledgeCodeBase object at 0x7f11cefc4c10>
2025-08-26 09:10:48,886 - Knowledge - INFO - process ingested knowledge for /app/data/b2c/163538/b8982ah/rialto-ocdm-163538/CHANGELOG.md
2025-08-26 09:10:48,976 - Knowledge - INFO - Found code-base-name: https://github.com/kavia-common/rialto-ocdm-163538.git:kavia-6.0.0-rc1
2025-08-26 09:10:49,084 - Knowledge - INFO - Found code_base: <app.utils.kg_build.knowledge.KnowledgeCodeBase object at 0x7f11cefc4c10>
2025-08-26 09:10:49,160 - Knowledge - INFO - process ingested knowledge for /app/data/b2c/163538/b8982ah/rialto-ocdm-163538/CONTRIBUTING.md
2025-08-26 09:10:49,286 - Knowledge - INFO - Found code-base-name: https://github.com/kavia-common/rialto-ocdm-163538.git:kavia-6.0.0-rc1
2025-08-26 09:10:49,362 - Knowledge - INFO - Found code_base: <app.utils.kg_build.knowledge.KnowledgeCodeBase object at 0x7f11cefc4c10>
2025-08-26 09:10:49,455 - Knowledge - INFO - process ingested knowledge for /app/data/b2c/163538/b8982ah/rialto-ocdm-163538/library/include/OpenCDMSession.h
2025-08-26 09:10:49,560 - Knowledge - INFO - Found code-base-name: https://github.com/kavia-common/rialto-ocdm-163538.git:kavia-6.0.0-rc1
2025-08-26 09:10:49,676 - Knowledge - INFO - Found code_base: <app.utils.kg_build.knowledge.KnowledgeCodeBase object at 0x7f11cefc4c10>
2025-08-26 09:10:49,778 - Knowledge - INFO - process ingested knowledge for /app/data/b2c/163538/b8982ah/rialto-ocdm-163538/tests/third-party/CMakeLists.txt
2025-08-26 09:10:49,881 - Knowledge - INFO - Found code-base-name: https://github.com/kavia-common/rialto-ocdm-163538.git:kavia-6.0.0-rc1
2025-08-26 09:10:49,954 - Knowledge - INFO - Found code_base: <app.utils.kg_build.knowledge.KnowledgeCodeBase object at 0x7f11cefc4c10>
2025-08-26 09:10:50,047 - Knowledge - INFO - process ingested knowledge for /app/data/b2c/163538/b8982ah/rialto-ocdm-163538/tests/mocks/ControlMock.h
2025-08-26 09:10:50,127 - Knowledge - INFO - Found code-base-name: https://github.com/kavia-common/rialto-ocdm-163538.git:kavia-6.0.0-rc1
2025-08-26 09:10:50,241 - Knowledge - INFO - Found code_base: <app.utils.kg_build.knowledge.KnowledgeCodeBase object at 0x7f11cefc4c10>
2025-08-26 09:10:50,335 - Knowledge - INFO - process ingested knowledge for /app/data/b2c/163538/b8982ah/rialto-ocdm-163538/build_ut.py
2025-08-26 09:10:50,435 - Knowledge - INFO - load persisted knowledge: end
2025-08-26 09:10:50,538 - Knowledge - INFO - load persisted docinfo: begin
2025-08-26 09:10:50,641 - Knowledge - INFO - load persisted docinfo: end
2025-08-26 09:10:50,751 - Knowledge - INFO - worker kw1 created with dedicated MongoDB connection (total: 1)
2025-08-26 09:10:50,876 - Knowledge - INFO - knowledge worker kw1 start
2025-08-26 09:10:50,966 - Knowledge - INFO - Knowledge creation complete
2025-08-26 09:10:51,036 - Knowledge - INFO - Updating org costs, total cost: 0
2025-08-26 09:10:51,888 - Knowledge - INFO - Saving knowledge to Redis...
2025-08-26 09:10:52,015 - Knowledge - INFO - Knowledge saved to Redis successfully
